date,open,close,low,high,volume
2016-08-11,58.29999923706055,58.29999923706055,58.29999923706055,58.29999923706055,1400.0
2016-08-15,59.150001525878906,59.150001525878906,59.150001525878906,59.150001525878906,1500.0
2016-08-22,57.72999954223633,57.599998474121094,57.599998474121094,57.72999954223633,10000.0
2016-08-29,58.61000061035156,58.61000061035156,58.61000061035156,58.61000061035156,1400.0
2016-10-21,64.11000061035156,64.11000061035156,64.11000061035156,64.11000061035156,1200.0
2016-10-28,64.30000305175781,64.30000305175781,64.30000305175781,64.30000305175781,100000.0
2016-10-31,64.87000274658203,64.93000030517578,64.87000274658203,64.93000030517578,81200.0
2016-11-01,63.36000061035156,63.36000061035156,63.36000061035156,63.36000061035156,142600.0
2016-11-03,63.34000015258789,61.779998779296875,61.779998779296875,63.40999984741211,357930.0
2016-11-04,61.709999084472656,61.970001220703125,61.689998626708984,62.290000915527344,20290.0
2016-11-07,63.72999954223633,64.05000305175781,63.72999954223633,64.05000305175781,134120.0
2016-11-08,64.62000274658203,64.19000244140625,64.19000244140625,64.62000274658203,34460.0
2016-11-09,63.290000915527344,63.290000915527344,63.290000915527344,63.290000915527344,200000.0
2016-11-10,61.2400016784668,61.2400016784668,61.2400016784668,61.2400016784668,477000.0
2016-11-11,60.630001068115234,59.220001220703125,59.18000030517578,61.52000045776367,277300.0
2016-11-14,59.220001220703125,59.689998626708984,59.220001220703125,59.689998626708984,686900.0
2016-11-16,59.79999923706055,60.790000915527344,59.79999923706055,60.790000915527344,76300.0
2016-11-17,60.720001220703125,59.79999923706055,59.79999923706055,60.7599983215332,101000.0
2016-11-18,59.400001525878906,59.9900016784668,59.400001525878906,59.9900016784668,240600.0
2016-11-21,60.58000183105469,61.099998474121094,60.58000183105469,61.099998474121094,129520.0
2016-11-22,61.9900016784668,61.9900016784668,61.9900016784668,61.9900016784668,75500.0
2016-11-23,62.02000045776367,62.02000045776367,62.02000045776367,62.02000045776367,305400.0
2016-11-24,61.36000061035156,61.36000061035156,61.36000061035156,61.36000061035156,385800.0
2016-11-25,61.59000015258789,61.59000015258789,61.59000015258789,61.59000015258789,374400.0
2016-11-28,62.880001068115234,62.880001068115234,62.880001068115234,62.880001068115234,9400.0
2016-11-29,61.5,61.02000045776367,61.02000045776367,61.5,111700.0
2016-11-30,62.09000015258789,61.93000030517578,61.93000030517578,62.09000015258789,61830.0
2016-12-01,59.540000915527344,59.540000915527344,59.540000915527344,59.540000915527344,120000.0
2016-12-02,60.349998474121094,60.349998474121094,60.349998474121094,60.349998474121094,170800.0
2016-12-05,59.79999923706055,59.79999923706055,59.79999923706055,59.79999923706055,5100.0
2016-12-06,60.75,61.119998931884766,60.75,61.119998931884766,165900.0
2016-12-07,61.439998626708984,61.439998626708984,61.439998626708984,61.439998626708984,32800.0
2016-12-08,60.83000183105469,60.709999084472656,60.619998931884766,60.83000183105469,118220.0
2016-12-09,60.54999923706055,60.470001220703125,60.470001220703125,60.54999923706055,6600.0
2016-12-12,59.209999084472656,59.209999084472656,59.209999084472656,59.209999084472656,22500.0
2016-12-13,58.93000030517578,59.310001373291016,58.93000030517578,59.310001373291016,8100.0
2016-12-14,59.11000061035156,58.18000030517578,58.18000030517578,59.11000061035156,13600.0
2016-12-15,58.43000030517578,58.36000061035156,58.36000061035156,58.45000076293945,54120.0
2016-12-16,58.36000061035156,58.36000061035156,58.36000061035156,58.36000061035156,122200.0
2016-12-19,57.970001220703125,57.13999938964844,57.13999938964844,57.970001220703125,41800.0
2016-12-20,57.29999923706055,57.619998931884766,57.150001525878906,57.619998931884766,20400.0
2016-12-21,57.56999969482422,57.68000030517578,57.41999816894531,57.68000030517578,48700.0
2016-12-22,57.400001525878906,57.290000915527344,57.290000915527344,57.45000076293945,225700.0
2016-12-23,57.95000076293945,57.95000076293945,57.95000076293945,57.95000076293945,355800.0
2016-12-26,58.40999984741211,58.630001068115234,58.40999984741211,58.630001068115234,49640.0
2016-12-27,58.779998779296875,58.779998779296875,58.779998779296875,58.779998779296875,120900.0
2016-12-28,59.849998474121094,59.849998474121094,59.849998474121094,59.849998474121094,174600.0
2017-01-02,59.65999984741211,59.65999984741211,59.65999984741211,59.65999984741211,48500.0
2017-01-03,61.88999938964844,61.88999938964844,61.88999938964844,61.88999938964844,10700.0
2017-01-04,61.599998474121094,61.599998474121094,61.599998474121094,61.599998474121094,86400.0
2017-01-05,61.810001373291016,62.08000183105469,61.650001525878906,62.369998931884766,100000.0
2017-01-06,61.68000030517578,61.68000030517578,61.68000030517578,61.68000030517578,51000.0
2017-01-09,61.779998779296875,61.779998779296875,61.779998779296875,61.779998779296875,5900.0
2017-01-10,62.209999084472656,62.209999084472656,62.209999084472656,62.209999084472656,133200.0
2017-01-11,62.22999954223633,62.52000045776367,62.16999816894531,62.52000045776367,23400.0
2017-01-12,63.959999084472656,63.959999084472656,63.959999084472656,63.959999084472656,119600.0
2017-01-13,63.9900016784668,63.68000030517578,63.68000030517578,63.9900016784668,96670.0
2017-01-16,63.7400016784668,63.91999816894531,63.7400016784668,63.91999816894531,27000.0
2017-01-17,64.44000244140625,64.44000244140625,64.44000244140625,64.44000244140625,31700.0
2017-01-18,64.61000061035156,64.16999816894531,64.16999816894531,64.63999938964844,33200.0
2017-01-19,64.02999877929688,64.02999877929688,64.02999877929688,64.02999877929688,1800.0
2017-01-20,64.69999694824219,64.5999984741211,64.5999984741211,64.69999694824219,14000.0
2017-01-23,65.8499984741211,65.83000183105469,65.83000183105469,65.8499984741211,93830.0
2017-01-24,65.86000061035156,65.86000061035156,65.86000061035156,65.86000061035156,90600.0
2017-01-26,66.2699966430664,66.2699966430664,66.2699966430664,66.2699966430664,129500.0
2017-01-27,66.11000061035156,66.11000061035156,66.11000061035156,66.11000061035156,340300.0
2017-01-30,64.73999786376953,64.37999725341797,64.37999725341797,64.73999786376953,17800.0
2017-01-31,64.75,64.75,64.75,64.75,71500.0
2017-02-01,64.91999816894531,64.91999816894531,64.91999816894531,64.91999816894531,204300.0
2017-02-02,64.6500015258789,64.6500015258789,64.6500015258789,64.6500015258789,51300.0
2017-02-03,65.05000305175781,65.05000305175781,65.05000305175781,65.05000305175781,658400.0
2017-02-06,64.06999969482422,64.06999969482422,64.06999969482422,64.06999969482422,78500.0
2017-02-07,64.2699966430664,64.2699966430664,64.2699966430664,64.2699966430664,19800.0
2017-02-08,64.91000366210938,64.91000366210938,64.91000366210938,64.91000366210938,12000.0
2017-02-09,64.97000122070312,64.97000122070312,64.97000122070312,64.97000122070312,81900.0
2017-02-10,66.13999938964844,66.13999938964844,66.13999938964844,66.13999938964844,117500.0
2017-02-13,66.9800033569336,66.9800033569336,66.9800033569336,66.9800033569336,10000.0
2017-02-14,66.72000122070312,66.72000122070312,66.72000122070312,66.72000122070312,39200.0
2017-02-15,67.11000061035156,67.9800033569336,67.05000305175781,67.9800033569336,98790.0
2017-02-16,67.9000015258789,67.94999694824219,67.9000015258789,67.94999694824219,48860.0
2017-02-17,67.58999633789062,67.76000213623047,67.29000091552734,67.76000213623047,76320.0
2017-02-20,68.56999969482422,68.56999969482422,68.56999969482422,68.56999969482422,24800.0
2017-02-21,68.9800033569336,69.0999984741211,68.93000030517578,69.0999984741211,57720.0
2017-02-22,69.0999984741211,68.69000244140625,68.69000244140625,69.0999984741211,13030.0
2017-02-23,67.52999877929688,67.52999877929688,67.52999877929688,67.52999877929688,160320.0
2017-02-24,66.8499984741211,66.76000213623047,66.76000213623047,67.06999969482422,86600.0
2017-03-01,67.25,67.02999877929688,66.94000244140625,67.2699966430664,102110.0
2017-03-02,66.7300033569336,65.88999938964844,65.88999938964844,66.7300033569336,54410.0
2017-03-03,66.87999725341797,66.87999725341797,66.87999725341797,66.87999725341797,102900.0
2017-03-06,66.77999877929688,66.44000244140625,66.22000122070312,66.87999725341797,124700.0
2017-03-07,65.83999633789062,65.83999633789062,65.83999633789062,65.83999633789062,24200.0
2017-03-08,64.75,64.75,64.75,64.75,401600.0
2017-03-09,64.51000213623047,64.69000244140625,64.51000213623047,64.69000244140625,133800.0
2017-03-10,64.7699966430664,64.7699966430664,64.7699966430664,64.7699966430664,86200.0
2017-03-13,65.56999969482422,65.56999969482422,65.56999969482422,65.56999969482422,3000.0
2017-03-14,64.80000305175781,64.80000305175781,64.80000305175781,64.80000305175781,11700.0
2017-03-15,66.33999633789062,66.33999633789062,66.33999633789062,66.33999633789062,24500.0
2017-03-16,65.87999725341797,65.87999725341797,65.87999725341797,65.87999725341797,54400.0
2017-03-17,64.30999755859375,64.30999755859375,64.30999755859375,64.30999755859375,77500.0
2017-03-20,64.94000244140625,64.94000244140625,64.94000244140625,64.94000244140625,40000.0
2017-03-21,65.0,63.06999969482422,62.900001525878906,65.0,38620.0
2017-03-22,63.689998626708984,63.560001373291016,63.560001373291016,63.689998626708984,176810.0
2017-03-23,63.560001373291016,63.560001373291016,63.560001373291016,63.560001373291016,58700.0
2017-03-24,63.95000076293945,63.95000076293945,63.95000076293945,63.95000076293945,92000.0
2017-03-27,63.25,64.41000366210938,63.25,64.41000366210938,39800.0
2017-03-28,64.66999816894531,64.66999816894531,64.66999816894531,64.66999816894531,99700.0
2017-03-29,65.55999755859375,65.55999755859375,65.55999755859375,65.55999755859375,31400.0
2017-03-30,65.55999755859375,65.37000274658203,65.37000274658203,65.55999755859375,33040.0
2017-03-31,65.08000183105469,65.08000183105469,65.02999877929688,65.08000183105469,58840.0
2017-04-03,65.31999969482422,65.31999969482422,65.31999969482422,65.31999969482422,20200.0
2017-04-04,65.87999725341797,65.87999725341797,65.87999725341797,65.87999725341797,115600.0
2017-04-05,64.81999969482422,64.81999969482422,64.81999969482422,64.81999969482422,211500.0
2017-04-06,64.69000244140625,64.31999969482422,64.31999969482422,64.69000244140625,22610.0
2017-04-07,64.16000366210938,64.69999694824219,64.16000366210938,64.69999694824219,288000.0
2017-04-10,64.94000244140625,64.75,64.72000122070312,64.94000244140625,390070.0
2017-04-11,64.87999725341797,64.45999908447266,64.45999908447266,64.87999725341797,7410.0
2017-04-12,64.0,64.0,64.0,64.0,16000.0
2017-04-13,63.369998931884766,62.93000030517578,62.93000030517578,63.369998931884766,47020.0
2017-04-17,64.44000244140625,64.44000244140625,64.44000244140625,64.44000244140625,19100.0
2017-04-18,64.19999694824219,64.19999694824219,64.19999694824219,64.19999694824219,14400.0
2017-04-19,64.5,63.45000076293945,63.45000076293945,64.5,346300.0
2017-04-20,63.90999984741211,63.90999984741211,63.90999984741211,63.90999984741211,6100.0
2017-04-24,64.81999969482422,64.48999786376953,64.44999694824219,64.81999969482422,53710.0
2017-04-25,64.0199966430664,65.29000091552734,64.0199966430664,65.29000091552734,27050.0
2017-04-26,65.56999969482422,64.93000030517578,64.93000030517578,65.63999938964844,11610.0
2017-04-27,64.75,64.75,64.75,64.75,123700.0
2017-04-28,65.54000091552734,65.54000091552734,65.54000091552734,65.54000091552734,79000.0
2017-05-02,66.75,66.5,66.5,66.91999816894531,7380.0
2017-05-03,66.45999908447266,66.16000366210938,66.16000366210938,66.45999908447266,67330.0
2017-05-04,64.93000030517578,64.93000030517578,64.93000030517578,64.93000030517578,28000.0
2017-05-05,65.77999877929688,65.77999877929688,65.77999877929688,65.77999877929688,128500.0
2017-05-08,65.80999755859375,65.66000366210938,65.44000244140625,66.05000305175781,47200.0
2017-05-09,66.3499984741211,66.3499984741211,66.3499984741211,66.3499984741211,254000.0
2017-05-10,67.55999755859375,67.4800033569336,67.4800033569336,67.55999755859375,328510.0
2017-05-11,67.66999816894531,67.66999816894531,67.66999816894531,67.66999816894531,13600.0
2017-05-12,68.29000091552734,68.36000061035156,68.29000091552734,68.36000061035156,280700.0
2017-05-15,68.19000244140625,68.61000061035156,68.18000030517578,68.61000061035156,109000.0
2017-05-16,68.75,68.75,68.75,68.75,211500.0
2017-05-17,67.4800033569336,67.66999816894531,67.4800033569336,67.66999816894531,50860.0
2017-05-18,62.150001525878906,61.709999084472656,61.380001068115234,62.150001525878906,45330.0
2017-05-19,62.70000076293945,62.70000076293945,62.70000076293945,62.70000076293945,3600.0
2017-05-22,61.66999816894531,61.79999923706055,61.599998474121094,61.79999923706055,28170.0
2017-05-23,62.720001220703125,62.720001220703125,62.720001220703125,62.720001220703125,17300.0
2017-05-24,63.099998474121094,63.380001068115234,63.099998474121094,63.84000015258789,78710.0
2017-05-25,63.290000915527344,63.290000915527344,63.290000915527344,63.290000915527344,3200.0
2017-05-26,64.1500015258789,64.1500015258789,64.1500015258789,64.1500015258789,13000.0
2017-05-30,64.08999633789062,64.08999633789062,64.08999633789062,64.08999633789062,9800.0
2017-05-31,63.34000015258789,62.779998779296875,62.779998779296875,63.34000015258789,103520.0
2017-06-01,62.349998474121094,62.349998474121094,62.349998474121094,62.349998474121094,140200.0
2017-06-02,62.77000045776367,62.58000183105469,62.380001068115234,62.849998474121094,262780.0
2017-06-05,62.58000183105469,62.58000183105469,62.58000183105469,62.58000183105469,25800.0
2017-06-06,63.08000183105469,63.08000183105469,63.08000183105469,63.08000183105469,4300.0
2017-06-07,63.2400016784668,63.2400016784668,63.2400016784668,63.2400016784668,87600.0
2017-06-08,62.880001068115234,62.880001068115234,62.880001068115234,62.880001068115234,12600.0
2017-06-09,62.33000183105469,62.33000183105469,62.33000183105469,62.33000183105469,20700.0
2017-06-12,62.20000076293945,61.81999969482422,61.529998779296875,62.20000076293945,55960.0
2017-06-13,61.7400016784668,61.88999938964844,61.7400016784668,61.88999938964844,231400.0
2017-06-14,62.33000183105469,61.9900016784668,61.9900016784668,62.33000183105469,484600.0
2017-06-16,61.75,61.75,61.75,61.75,7600.0
2017-06-19,62.13999938964844,62.13999938964844,62.13999938964844,62.13999938964844,34300.0
2017-06-20,60.83000183105469,60.83000183105469,60.83000183105469,60.83000183105469,8400.0
2017-06-21,60.81999969482422,60.81999969482422,60.81999969482422,60.81999969482422,94270.0
2017-06-22,61.25,61.400001525878906,61.25,61.400001525878906,47520.0
2017-06-23,61.400001525878906,61.189998626708984,61.189998626708984,61.400001525878906,8830.0
2017-06-26,62.310001373291016,62.310001373291016,62.310001373291016,62.310001373291016,31900.0
2017-06-27,61.81999969482422,61.7400016784668,61.7400016784668,61.81999969482422,59530.0
2017-06-28,62.0099983215332,62.08000183105469,62.0099983215332,62.08000183105469,110130.0
2017-06-29,62.36000061035156,62.36000061035156,62.36000061035156,62.36000061035156,60000.0
2017-06-30,62.65999984741211,62.959999084472656,62.65999984741211,62.959999084472656,207810.0
2017-07-03,63.25,63.34000015258789,63.25,63.34000015258789,20920.0
2017-07-04,63.29999923706055,63.29999923706055,63.29999923706055,63.29999923706055,34400.0
2017-07-05,62.959999084472656,63.22999954223633,62.959999084472656,63.22999954223633,662740.0
2017-07-06,62.599998474121094,62.599998474121094,62.599998474121094,62.599998474121094,18760.0
2017-07-07,62.38999938964844,62.38999938964844,62.38999938964844,62.38999938964844,20700.0
2017-07-11,63.959999084472656,63.959999084472656,63.959999084472656,63.959999084472656,193600.0
2017-07-13,65.30999755859375,65.30999755859375,65.30999755859375,65.30999755859375,76000.0
2017-07-14,65.56999969482422,65.56999969482422,65.56999969482422,65.56999969482422,5700.0
2017-07-17,65.3499984741211,65.3499984741211,65.3499984741211,65.3499984741211,14000.0
2017-07-18,65.47000122070312,65.47000122070312,65.47000122070312,65.47000122070312,136100.0
2017-07-19,65.27999877929688,65.25,65.25,65.27999877929688,104300.0
2017-07-20,65.2300033569336,65.0,65.0,65.2300033569336,36480.0
2017-07-21,64.83000183105469,64.75,64.75,64.83000183105469,11120.0
2017-07-24,65.19999694824219,65.22000122070312,65.19999694824219,65.22000122070312,1020.0
2017-07-25,65.52999877929688,65.80000305175781,65.52999877929688,65.80000305175781,4200.0
2017-07-26,65.0999984741211,65.08000183105469,65.08000183105469,65.0999984741211,33410.0
2017-07-27,69.69000244140625,65.33999633789062,65.33999633789062,69.69000244140625,39040.0
2017-07-28,65.37000274658203,65.55999755859375,65.37000274658203,65.55999755859375,22010.0
2017-07-31,66.05000305175781,66.05000305175781,66.05000305175781,66.05000305175781,5100.0
2017-08-01,66.58000183105469,66.58000183105469,66.58000183105469,66.58000183105469,9800.0
2017-08-02,66.81999969482422,67.26000213623047,66.81999969482422,67.26000213623047,1519530.0
2017-08-03,66.91999816894531,66.91999816894531,66.91999816894531,66.91999816894531,70000.0
2017-08-04,66.95999908447266,66.95999908447266,66.95999908447266,66.95999908447266,20000.0
2017-08-07,67.12000274658203,68.06999969482422,67.12000274658203,68.06999969482422,12000.0
2017-08-08,67.91999816894531,67.97000122070312,67.91999816894531,67.97000122070312,45230.0
2017-08-09,67.48999786376953,67.73999786376953,67.48999786376953,67.73999786376953,21500.0
2017-08-10,67.0,67.12999725341797,67.0,67.12999725341797,151840.0
2017-08-11,67.70999908447266,67.47000122070312,67.47000122070312,67.70999908447266,179500.0
2017-08-14,67.98999786376953,68.41000366210938,67.98999786376953,68.55000305175781,53830.0
2017-08-15,68.44999694824219,68.44999694824219,68.44999694824219,68.44999694824219,74100.0
2017-08-16,68.70999908447266,68.70999908447266,68.70999908447266,68.70999908447266,62300.0
2017-08-17,68.12999725341797,68.12999725341797,68.12999725341797,68.12999725341797,2100.0
2017-08-18,68.8499984741211,68.8499984741211,68.8499984741211,68.8499984741211,152100.0
2017-08-21,68.88999938964844,68.70999908447266,68.70999908447266,68.88999938964844,110500.0
2017-08-22,70.13999938964844,70.13999938964844,70.13999938964844,70.13999938964844,5600.0
2017-08-23,70.33000183105469,70.62000274658203,70.33000183105469,70.62000274658203,29630.0
2017-08-24,71.26000213623047,71.20999908447266,71.20999908447266,71.26000213623047,133050.0
2017-08-25,71.29000091552734,71.16000366210938,71.16000366210938,71.29000091552734,29980.0
2017-08-28,71.16000366210938,71.0999984741211,71.0999984741211,71.33999633789062,15490.0
2017-08-29,71.4000015258789,71.41000366210938,71.3499984741211,71.41000366210938,159460.0
2017-08-30,71.08000183105469,71.04000091552734,70.91999816894531,71.08000183105469,55500.0
2017-08-31,71.12000274658203,70.91000366210938,70.76000213623047,71.19000244140625,46620.0
2017-09-01,71.79000091552734,72.0199966430664,71.79000091552734,72.0199966430664,41300.0
2017-09-04,71.94999694824219,72.20999908447266,71.94999694824219,72.20999908447266,12840.0
2017-09-05,72.30000305175781,72.30000305175781,72.30000305175781,72.30000305175781,3400.0
2017-09-06,73.6500015258789,73.4800033569336,73.4800033569336,73.6500015258789,34800.0
2017-09-08,73.2699966430664,73.16000366210938,73.16000366210938,73.2699966430664,1310.0
2017-09-11,73.5,74.38999938964844,73.5,74.45999908447266,26900.0
2017-09-12,74.97000122070312,74.69000244140625,74.58000183105469,75.12000274658203,46130.0
2017-09-13,74.47000122070312,74.94000244140625,74.47000122070312,74.94000244140625,68700.0
2017-09-14,74.94000244140625,74.80999755859375,74.77999877929688,74.94000244140625,85420.0
2017-09-15,75.83000183105469,75.83000183105469,75.83000183105469,75.83000183105469,11600.0
2017-09-18,76.4000015258789,76.13999938964844,76.02999877929688,76.4000015258789,55700.0
2017-09-19,76.11000061035156,76.12999725341797,75.87999725341797,76.12999725341797,265320.0
2017-09-20,75.7300033569336,76.08000183105469,75.7300033569336,76.08000183105469,136800.0
2017-09-21,76.19999694824219,75.75,75.55999755859375,76.19999694824219,190440.0
2017-09-22,75.55999755859375,75.45999908447266,75.30000305175781,75.55999755859375,238320.0
2017-09-25,76.0,74.58999633789062,74.58000183105469,76.0,73430.0
2017-09-26,74.58999633789062,74.47000122070312,74.47000122070312,74.7699966430664,74450.0
2017-09-27,74.72000122070312,73.87000274658203,73.66000366210938,74.72000122070312,174740.0
2017-09-28,73.88999938964844,73.70999908447266,73.62999725341797,73.88999938964844,111220.0
2017-09-29,74.19000244140625,74.37000274658203,74.16000366210938,74.4800033569336,55300.0
2017-10-02,74.16000366210938,74.5,74.16000366210938,74.5,155430.0
2017-10-03,76.61000061035156,76.87000274658203,76.61000061035156,76.87000274658203,5118700.0
2017-10-04,77.0199966430664,76.73999786376953,76.73999786376953,77.0199966430664,816560.0
2017-10-05,77.22000122070312,76.7699966430664,76.7699966430664,77.22000122070312,1143470.0
2017-10-06,76.01000213623047,76.19999694824219,75.88999938964844,76.19999694824219,1471390.0
2017-10-09,75.68000030517578,75.87999725341797,75.68000030517578,75.87999725341797,1067020.0
2017-10-10,76.58999633789062,77.04000091552734,76.58999633789062,77.04000091552734,27760.0
2017-10-11,76.58999633789062,76.80999755859375,76.58999633789062,76.80999755859375,530100.0
2017-10-13,77.13999938964844,77.13999938964844,77.13999938964844,77.13999938964844,113100.0
2017-10-16,77.16999816894531,76.95999908447266,76.95999908447266,77.41999816894531,331940.0
2017-10-17,76.86000061035156,76.3499984741211,76.3499984741211,76.86000061035156,69140.0
2017-10-18,77.0,76.7300033569336,76.41000366210938,77.0,91700.0
2017-10-19,75.58999633789062,76.43000030517578,75.58999633789062,76.43000030517578,403000.0
2017-10-20,77.0,76.45999908447266,76.45999908447266,77.0199966430664,54780.0
2017-10-23,76.19999694824219,75.55999755859375,75.55999755859375,76.19999694824219,21160.0
2017-10-24,76.19999694824219,76.45999908447266,75.55999755859375,76.45999908447266,26050.0
2017-10-25,76.91000366210938,76.80999755859375,75.44999694824219,76.91000366210938,125800.0
2017-10-26,76.33999633789062,76.04000091552734,76.04000091552734,76.33999633789062,62600.0
2017-10-27,76.4000015258789,76.02999877929688,76.02999877929688,76.4000015258789,12200.0
2017-10-30,74.87000274658203,74.87000274658203,74.87000274658203,74.87000274658203,169200.0
2017-10-31,75.0,74.44999694824219,74.44999694824219,75.08999633789062,87180.0
2017-11-01,74.30000305175781,73.87999725341797,73.87999725341797,74.30999755859375,110600.0
2017-11-03,73.9000015258789,74.05000305175781,73.9000015258789,74.05000305175781,27090.0
2017-11-06,74.4000015258789,74.44999694824219,74.29000091552734,74.44999694824219,167060.0
2017-11-07,73.69000244140625,72.55000305175781,72.55000305175781,73.69000244140625,66630.0
2017-11-08,73.0,74.48999786376953,73.0,74.48999786376953,53110.0
2017-11-09,73.75,72.98999786376953,72.98999786376953,73.75,19550.0
2017-11-10,72.95999908447266,72.31999969482422,70.0,72.95999908447266,96910.0
2017-11-13,72.5999984741211,72.5999984741211,72.5999984741211,72.5999984741211,89100.0
2017-11-14,72.5999984741211,70.94999694824219,70.94999694824219,72.62000274658203,1513200.0
2017-11-16,72.56999969482422,72.56999969482422,72.56999969482422,72.56999969482422,160000.0
2017-11-17,72.94999694824219,73.48999786376953,72.83000183105469,73.48999786376953,676000.0
2017-11-21,74.6500015258789,74.6500015258789,74.6500015258789,74.6500015258789,190100.0
2017-11-22,75.12000274658203,74.58000183105469,74.30999755859375,75.12000274658203,143760.0
2017-11-23,74.58000183105469,74.62000274658203,74.06999969482422,74.62000274658203,122970.0
2017-11-24,74.29000091552734,74.29000091552734,74.29000091552734,74.29000091552734,104200.0
2017-11-27,74.02999877929688,74.19000244140625,74.02999877929688,74.19000244140625,13010.0
2017-11-28,74.2699966430664,74.2699966430664,74.2699966430664,74.2699966430664,32700.0
2017-11-29,73.63999938964844,72.83000183105469,72.83000183105469,73.63999938964844,28140.0
2017-11-30,72.2699966430664,71.9800033569336,71.45999908447266,72.61000061035156,332040.0
2017-12-04,73.22000122070312,73.22000122070312,73.22000122070312,73.22000122070312,9000.0
2017-12-05,74.0199966430664,72.66999816894531,72.5999984741211,74.0199966430664,54870.0
2017-12-06,72.05999755859375,73.38999938964844,72.05999755859375,73.51000213623047,23100.0
2017-12-07,72.61000061035156,72.61000061035156,72.61000061035156,72.61000061035156,1165300.0
2017-12-08,73.38999938964844,72.86000061035156,72.86000061035156,73.44999694824219,2410.0
2017-12-11,73.20999908447266,72.8499984741211,72.8499984741211,73.38999938964844,209930.0
2017-12-12,72.5,73.87000274658203,72.16000366210938,73.87000274658203,193250.0
2017-12-13,74.38999938964844,72.97000122070312,72.72000122070312,74.38999938964844,254940.0
2017-12-14,72.44000244140625,72.55000305175781,72.08999633789062,72.91999816894531,308400.0
2017-12-15,72.77999877929688,72.7300033569336,72.58000183105469,74.80000305175781,324000.0
2017-12-18,73.16999816894531,73.16999816894531,73.16999816894531,73.16999816894531,393600.0
2017-12-19,72.83999633789062,72.75,72.5,72.83999633789062,10040.0
2017-12-20,73.51000213623047,73.51000213623047,73.51000213623047,73.51000213623047,8300.0
2017-12-21,73.7300033569336,75.20999908447266,73.51000213623047,75.20999908447266,173450.0
2017-12-22,75.19000244140625,75.2699966430664,75.12000274658203,75.2699966430664,198260.0
2017-12-26,75.23999786376953,75.87999725341797,75.23999786376953,75.87999725341797,113120.0
2017-12-27,76.25,76.2699966430664,76.16000366210938,76.41000366210938,54560.0
2017-12-28,76.5999984741211,76.5999984741211,76.5999984741211,76.5999984741211,13500.0
2018-01-02,77.55999755859375,78.0999984741211,77.55999755859375,78.0999984741211,91820.0
2018-01-03,77.91999816894531,78.19999694824219,77.91999816894531,78.54000091552734,108280.0
2018-01-04,78.70999908447266,78.77999877929688,78.70999908447266,79.3499984741211,491200.0
2018-01-05,78.77999877929688,79.19999694824219,78.77999877929688,79.19999694824219,42740.0
2018-01-08,79.5,79.58999633789062,78.98999786376953,79.58999633789062,9620.0
2018-01-09,79.08000183105469,79.08000183105469,79.08000183105469,79.08000183105469,90000.0
2018-01-10,79.08000183105469,78.3499984741211,78.3499984741211,79.08000183105469,26190.0
2018-01-11,78.25,79.58000183105469,78.25,79.58000183105469,134620.0
2018-01-12,79.56999969482422,79.55999755859375,79.20999908447266,79.56999969482422,215650.0
2018-01-15,79.86000061035156,79.97000122070312,79.86000061035156,80.0,16220.0
2018-01-16,79.97000122070312,80.04000091552734,79.80999755859375,80.04000091552734,26030.0
2018-01-17,80.62999725341797,81.4000015258789,80.58000183105469,81.4000015258789,27860.0
2018-01-18,81.5,81.18000030517578,80.87000274658203,81.5,155000.0
2018-01-19,81.45999908447266,81.3499984741211,81.26000213623047,81.55999755859375,153640.0
2018-01-22,81.54000091552734,81.80999755859375,81.54000091552734,81.80999755859375,40670.0
2018-01-23,81.69999694824219,80.9000015258789,80.9000015258789,81.69999694824219,1540.0
2018-01-24,82.5,83.87000274658203,82.27999877929688,83.87000274658203,622270.0
2018-01-26,84.38999938964844,85.73999786376953,84.38999938964844,85.73999786376953,152380.0
2018-01-29,85.5,84.9000015258789,84.5,85.5,58060.0
2018-01-30,84.52999877929688,84.62000274658203,84.12000274658203,84.62000274658203,145290.0
2018-01-31,86.01000213623047,85.12999725341797,85.12999725341797,86.37999725341797,35370.0
2018-02-01,85.19999694824219,85.69000244140625,85.19999694824219,86.19999694824219,32270.0
2018-02-05,83.33000183105469,81.98999786376953,81.98999786376953,83.33000183105469,67800.0
2018-02-06,81.44999694824219,84.12000274658203,81.44999694824219,84.12000274658203,210900.0
2018-02-07,84.08000183105469,82.9800033569336,82.9800033569336,84.08000183105469,346120.0
2018-02-08,83.31999969482422,81.6500015258789,81.48999786376953,83.80999755859375,322930.0
2018-02-09,81.44999694824219,81.0999984741211,80.0,81.79000091552734,192930.0
2018-02-15,84.5,84.5,84.5,84.5,25000.0
2018-02-16,84.41000366210938,84.7300033569336,84.29000091552734,84.7300033569336,44210.0
2018-02-19,85.05000305175781,84.94999694824219,84.87000274658203,85.05000305175781,323220.0
2018-02-20,84.9000015258789,85.95999908447266,84.58999633789062,86.0,137010.0
2018-02-21,86.0,86.30000305175781,86.0,87.54000091552734,114310.0
2018-02-22,86.75,86.91999816894531,86.56999969482422,87.33999633789062,53990.0
2018-02-23,87.12000274658203,87.45999908447266,86.70999908447266,87.45999908447266,312670.0
2018-02-26,88.0,87.83000183105469,87.68000030517578,88.52999877929688,209000.0
2018-02-27,87.91000366210938,87.11000061035156,86.95999908447266,87.91000366210938,7960.0
2018-02-28,86.98999786376953,85.61000061035156,85.61000061035156,87.0,706350.0
2018-03-01,86.19000244140625,85.62999725341797,85.11000061035156,86.19000244140625,176270.0
2018-03-02,85.62999725341797,86.01000213623047,84.36000061035156,86.01000213623047,321740.0
2018-03-05,85.5199966430664,86.27999877929688,85.4000015258789,86.27999877929688,178300.0
2018-03-06,86.94000244140625,85.91000366210938,85.91000366210938,86.94000244140625,60930.0
2018-03-07,85.58999633789062,85.7300033569336,84.75,85.7300033569336,867390.0
2018-03-08,85.58999633789062,85.25,85.25,85.7699966430664,246000.0
2018-03-09,86.47000122070312,86.62999725341797,86.47000122070312,86.62999725341797,5530.0
2018-03-12,88.0,87.16999816894531,86.87999725341797,89.0,261790.0
2018-03-13,87.16999816894531,86.6500015258789,86.6500015258789,87.16999816894531,43630.0
2018-03-14,86.52999877929688,86.23999786376953,86.19999694824219,86.52999877929688,341260.0
2018-03-15,84.98999786376953,85.19000244140625,84.98999786376953,85.19000244140625,238600.0
2018-03-16,85.51000213623047,85.1500015258789,85.1500015258789,85.5199966430664,184600.0
2018-03-19,85.0,84.16999816894531,83.9000015258789,85.0,208640.0
2018-03-20,84.54000091552734,84.33999633789062,84.30999755859375,84.54000091552734,161420.0
2018-03-21,84.44000244140625,85.23999786376953,84.41999816894531,85.37000274658203,148900.0
2018-03-22,85.0199966430664,84.97000122070312,84.6500015258789,85.5199966430664,84220.0
2018-03-26,85.2699966430664,85.36000061035156,85.05000305175781,85.36000061035156,99710.0
2018-03-27,85.30000305175781,84.08000183105469,84.08000183105469,85.30000305175781,64510.0
2018-03-28,84.08000183105469,84.12999725341797,83.6500015258789,84.12999725341797,63590.0
2018-03-29,85.0,85.62000274658203,85.0,85.79000091552734,292980.0
2018-04-02,85.66999816894531,84.93000030517578,84.72000122070312,85.80999755859375,56110.0
2018-04-03,85.47000122070312,84.87999725341797,84.75,85.47000122070312,32410.0
2018-04-04,83.18000030517578,84.55000305175781,83.18000030517578,84.55000305175781,55300.0
2018-04-05,86.80000305175781,85.37999725341797,85.37999725341797,86.80000305175781,489080.0
2018-04-06,85.37999725341797,85.08000183105469,84.33000183105469,85.37999725341797,65860.0
2018-04-09,85.0,83.4800033569336,83.4800033569336,85.0,105290.0
2018-04-10,85.5,84.76000213623047,84.13999938964844,85.5,300940.0
2018-04-11,85.12000274658203,85.5,85.12000274658203,85.5,386490.0
2018-04-12,85.4000015258789,85.69999694824219,85.26000213623047,85.69999694824219,161060.0
2018-04-13,84.55999755859375,84.56999969482422,84.47000122070312,84.83999633789062,204980.0
2018-04-16,84.30999755859375,83.02999877929688,83.02999877929688,84.33000183105469,59700.0
2018-04-17,83.16999816894531,84.33999633789062,83.16999816894531,84.33999633789062,180810.0
2018-04-18,85.29000091552734,86.02999877929688,85.29000091552734,86.27999877929688,581460.0
2018-04-19,85.88999938964844,86.08000183105469,85.5999984741211,88.4000015258789,213810.0
2018-04-20,85.5,85.7300033569336,85.5,85.87000274658203,236980.0
2018-04-23,85.47000122070312,85.86000061035156,84.94000244140625,86.0199966430664,472920.0
2018-04-24,86.69999694824219,85.63999938964844,85.45999908447266,86.81999969482422,775560.0
2018-04-25,85.0,85.20999908447266,84.54000091552734,85.56999969482422,418770.0
2018-04-26,86.05999755859375,86.63999938964844,86.05999755859375,86.63999938964844,329430.0
2018-04-27,87.30999755859375,86.69999694824219,86.5999984741211,87.30999755859375,174560.0
2018-04-30,86.79000091552734,86.37000274658203,86.23999786376953,86.79000091552734,121230.0
2018-05-02,86.80000305175781,84.80000305175781,84.80000305175781,86.80000305175781,51750.0
2018-05-03,83.80999755859375,83.54000091552734,83.45999908447266,83.9000015258789,292600.0
2018-05-04,83.29000091552734,83.37000274658203,83.12000274658203,83.76000213623047,377300.0
2018-05-07,83.43000030517578,82.94999694824219,82.94999694824219,83.62999725341797,297110.0
2018-05-08,82.97000122070312,83.11000061035156,82.97000122070312,83.48999786376953,7660520.0
2018-05-09,83.33000183105469,84.41999816894531,83.08999633789062,84.44999694824219,1253520.0
2018-05-10,85.0199966430664,86.0999984741211,85.0199966430664,86.12999725341797,609900.0
2018-05-11,86.0999984741211,85.37999725341797,85.37999725341797,86.37999725341797,76560.0
2018-05-14,85.9000015258789,85.38999938964844,85.20999908447266,85.9000015258789,306120.0
2018-05-15,84.5199966430664,85.30000305175781,84.08999633789062,85.30000305175781,290090.0
2018-05-16,85.66000366210938,86.69999694824219,85.63999938964844,86.69999694824219,46690.0
2018-05-17,86.08999633789062,83.80000305175781,83.55000305175781,86.08999633789062,15650.0
2018-05-18,82.48999786376953,83.31999969482422,82.19999694824219,83.31999969482422,189270.0
2018-05-21,83.83999633789062,81.98999786376953,81.86000061035156,83.86000061035156,27890.0
2018-05-22,82.54000091552734,82.9800033569336,81.7699966430664,83.5199966430664,70420.0
2018-05-23,81.83000183105469,81.04000091552734,81.04000091552734,82.23999786376953,28810.0
2018-05-24,80.98999786376953,80.36000061035156,79.19999694824219,80.98999786376953,186540.0
2018-05-28,79.8499984741211,75.51000213623047,75.51000213623047,79.9800033569336,276500.0
2018-05-29,76.51000213623047,76.29000091552734,75.6500015258789,77.33000183105469,1208450.0
2018-05-30,75.98999786376953,76.9800033569336,75.76000213623047,77.2699966430664,78120.0
2018-06-04,78.0,78.73999786376953,75.7699966430664,78.73999786376953,233900.0
2018-06-05,78.87999725341797,76.80000305175781,76.69999694824219,78.87999725341797,1429260.0
2018-06-06,76.5,76.26000213623047,75.69999694824219,76.94000244140625,48990.0
2018-06-07,76.0999984741211,74.0,71.80000305175781,76.0999984741211,2012620.0
2018-06-08,74.08000183105469,73.13999938964844,72.0999984741211,74.08000183105469,170420.0
2018-06-11,73.5999984741211,72.44000244140625,72.05000305175781,73.5999984741211,100100.0
2018-06-12,73.16000366210938,72.95999908447266,72.68000030517578,73.48999786376953,22720.0
2018-06-13,72.3499984741211,72.33999633789062,71.45999908447266,72.5199966430664,125390.0
2018-06-14,72.2300033569336,71.62000274658203,71.62000274658203,72.4800033569336,160800.0
2018-06-15,70.80000305175781,70.88999938964844,69.22000122070312,70.88999938964844,218110.0
2018-06-18,69.95999908447266,70.0199966430664,69.48999786376953,70.11000061035156,20220.0
2018-06-19,69.88999938964844,71.52999877929688,69.88999938964844,72.12999725341797,72050.0
2018-06-20,72.30000305175781,72.33000183105469,71.5,72.36000061035156,316420.0
2018-06-21,71.70999908447266,70.27999877929688,70.2699966430664,71.70999908447266,188000.0
2018-06-22,70.81999969482422,70.8499984741211,70.81999969482422,70.8499984741211,5880.0
2018-06-25,71.0,71.08999633789062,70.80000305175781,71.16999816894531,17500.0
2018-06-26,71.75,71.54000091552734,70.55000305175781,71.76000213623047,17410.0
2018-06-27,71.54000091552734,70.75,70.30999755859375,72.19000244140625,71510.0
2018-06-28,71.80000305175781,71.9800033569336,71.80000305175781,71.9800033569336,59500.0
2018-06-29,72.70999908447266,72.94999694824219,72.33000183105469,73.05999755859375,48930.0
2018-07-02,72.29000091552734,72.98999786376953,72.08000183105469,72.98999786376953,142360.0
2018-07-03,74.02999877929688,73.83000183105469,73.83000183105469,74.27999877929688,8110.0
2018-07-04,74.30000305175781,74.98999786376953,73.72000122070312,74.98999786376953,5620.0
2018-07-05,75.0,74.72000122070312,73.97000122070312,75.0,50780.0
2018-07-06,75.12999725341797,75.18000030517578,75.12999725341797,75.18000030517578,2100.0
2018-07-10,74.69999694824219,75.11000061035156,74.69999694824219,75.11000061035156,274100.0
2018-07-11,74.70999908447266,74.56999969482422,74.56999969482422,75.1500015258789,1212660.0
2018-07-12,75.5999984741211,76.0999984741211,75.5999984741211,76.0999984741211,12370.0
2018-07-13,75.83999633789062,76.8499984741211,75.83999633789062,76.86000061035156,73100.0
2018-07-16,77.12999725341797,76.83000183105469,76.45999908447266,77.13999938964844,28000.0
2018-07-17,76.95999908447266,78.30999755859375,76.95999908447266,78.55000305175781,292010.0
2018-07-18,78.51000213623047,77.54000091552734,77.45999908447266,78.55999755859375,19200.0
2018-07-19,76.37000274658203,77.66000366210938,76.13999938964844,77.66000366210938,39200.0
2018-07-20,79.22000122070312,78.75,78.54000091552734,79.61000061035156,255390.0
2018-07-23,78.66000366210938,78.18000030517578,78.18000030517578,78.80000305175781,126610.0
2018-07-24,79.55000305175781,79.33999633789062,79.06999969482422,79.58999633789062,42890.0
2018-07-25,79.75,80.4800033569336,79.75,80.66000366210938,50630.0
2018-07-26,80.54000091552734,79.58999633789062,79.37000274658203,80.69999694824219,221150.0
2018-07-27,80.12000274658203,80.05000305175781,79.9800033569336,80.16000366210938,41280.0
2018-07-30,80.48999786376953,80.45999908447266,80.02999877929688,80.73999786376953,22680.0
2018-07-31,80.45999908447266,79.41000366210938,79.41000366210938,80.45999908447266,280760.0
2018-08-01,79.11000061035156,79.55999755859375,79.08999633789062,79.81999969482422,47420.0
2018-08-02,79.01000213623047,79.81999969482422,79.0,80.04000091552734,43280.0
2018-08-03,80.41999816894531,81.62000274658203,80.41999816894531,81.69999694824219,218920.0
2018-08-06,81.88999938964844,81.27999877929688,81.27999877929688,81.88999938964844,195460.0
2018-08-07,81.69999694824219,80.56999969482422,80.30000305175781,81.97000122070312,68510.0
2018-08-08,80.97000122070312,79.37000274658203,79.23999786376953,80.97000122070312,36180.0
2018-08-09,79.56999969482422,79.05999755859375,78.43000030517578,79.61000061035156,62350.0
2018-08-10,77.0,76.73999786376953,76.44999694824219,77.37999725341797,229030.0
2018-08-13,76.73999786376953,77.77999877929688,76.66000366210938,77.93000030517578,550450.0
2018-08-14,78.37999725341797,78.9000015258789,78.08000183105469,78.98999786376953,56530.0
2018-08-15,77.69000244140625,77.30000305175781,77.13999938964844,77.81999969482422,45910.0
2018-08-16,77.83000183105469,77.11000061035156,76.61000061035156,77.83000183105469,19730.0
2018-08-17,76.37000274658203,76.25,75.91000366210938,76.48999786376953,200480.0
2018-08-20,76.0,76.55000305175781,75.94000244140625,76.68000030517578,875120.0
2018-08-21,76.27999877929688,75.4000015258789,75.12000274658203,76.27999877929688,215670.0
2018-08-22,74.98999786376953,77.12000274658203,74.98999786376953,77.12000274658203,117250.0
2018-08-23,77.12000274658203,75.86000061035156,75.80999755859375,77.41999816894531,1118860.0
2018-08-24,76.68000030517578,76.4800033569336,76.0,76.91000366210938,52110.0
2018-08-27,77.05999755859375,78.16000366210938,77.05999755859375,78.16000366210938,16060.0
2018-08-28,77.87999725341797,77.77999877929688,77.44000244140625,77.9800033569336,48490.0
2018-08-29,77.86000061035156,78.69999694824219,77.86000061035156,79.0199966430664,1180410.0
2018-08-30,78.19000244140625,76.62999725341797,76.62999725341797,78.4000015258789,288800.0
2018-08-31,76.0,76.9000015258789,76.0,77.41000366210938,111120.0
2018-09-03,76.25,76.48999786376953,76.0999984741211,76.6500015258789,189310.0
2018-09-04,76.2300033569336,74.94000244140625,74.91000366210938,76.25,368850.0
2018-09-05,74.83999633789062,75.37999725341797,74.69999694824219,75.56999969482422,134210.0
2018-09-06,76.0,76.69999694824219,75.5199966430664,76.7300033569336,98510.0
2018-09-10,77.55999755859375,76.7300033569336,76.51000213623047,77.55999755859375,93840.0
2018-09-11,75.23999786376953,74.87999725341797,74.70999908447266,75.44999694824219,97400.0
2018-09-12,75.3499984741211,75.33999633789062,74.87000274658203,75.62000274658203,119380.0
2018-09-13,75.56999969482422,74.91999816894531,74.9000015258789,75.62999725341797,885900.0
2018-09-14,75.43000030517578,75.7300033569336,74.81999969482422,75.7300033569336,38070.0
2018-09-17,75.70999908447266,77.08000183105469,75.58999633789062,77.80000305175781,441120.0
2018-09-18,77.20999908447266,78.54000091552734,77.20999908447266,78.63999938964844,904640.0
2018-09-19,78.44000244140625,78.45999908447266,78.1500015258789,79.27999877929688,229290.0
2018-09-20,79.0199966430664,78.3499984741211,78.31999969482422,79.04000091552734,98050.0
2018-09-21,78.91999816894531,79.68000030517578,78.91999816894531,80.16000366210938,530580.0
2018-09-24,79.68000030517578,78.2300033569336,78.2300033569336,79.68000030517578,72110.0
2018-09-25,77.86000061035156,78.86000061035156,77.86000061035156,78.88999938964844,812440.0
2018-09-26,79.19000244140625,78.9800033569336,78.87999725341797,79.79000091552734,920560.0
2018-09-27,79.55999755859375,80.2300033569336,79.55999755859375,80.25,313770.0
2018-09-28,79.31999969482422,79.58999633789062,79.31999969482422,80.0,36880.0
2018-10-01,79.37999725341797,78.87000274658203,78.52999877929688,79.37999725341797,70280.0
2018-10-02,80.0,81.91999816894531,80.0,82.02999877929688,351610.0
2018-10-03,83.0,83.5999984741211,83.0,85.47000122070312,1144560.0
2018-10-04,83.2300033569336,83.20999908447266,82.19999694824219,83.56999969482422,399990.0
2018-10-05,83.72000122070312,82.58000183105469,82.37000274658203,83.80999755859375,1049670.0
2018-10-08,86.01000213623047,86.43000030517578,85.62000274658203,87.94999694824219,1123080.0
2018-10-09,86.5,86.43000030517578,86.1500015258789,86.91000366210938,786990.0
2018-10-10,85.41000366210938,83.94000244140625,83.94000244140625,85.7300033569336,4711360.0
2018-10-11,84.91999816894531,83.26000213623047,82.87999725341797,85.05999755859375,702400.0
2018-10-15,84.38999938964844,83.69000244140625,83.58000183105469,84.55999755859375,339200.0
2018-10-16,84.54000091552734,86.02999877929688,84.54000091552734,86.02999877929688,1281180.0
2018-10-17,85.94000244140625,86.11000061035156,85.27999877929688,86.47000122070312,824450.0
2018-10-19,85.9000015258789,84.55000305175781,84.08000183105469,85.9000015258789,634270.0
2018-10-22,85.45999908447266,85.93000030517578,85.45999908447266,86.16000366210938,991040.0
2018-10-23,84.5999984741211,85.63999938964844,84.37999725341797,85.93000030517578,1978600.0
2018-10-24,85.95999908447266,83.38999938964844,83.38999938964844,85.95999908447266,491780.0
2018-10-25,83.81999969482422,84.41000366210938,83.6500015258789,85.12999725341797,885220.0
2018-10-26,85.0199966430664,86.05999755859375,83.91000366210938,86.05999755859375,75020.0
2018-10-29,85.44999694824219,84.12999725341797,83.02999877929688,86.1500015258789,1552970.0
2018-10-30,84.80000305175781,87.2300033569336,84.31999969482422,87.38999938964844,959640.0
2018-10-31,88.1500015258789,87.68000030517578,86.44999694824219,88.1500015258789,631970.0
2018-11-01,88.06999969482422,88.7300033569336,87.41999816894531,89.4000015258789,1218610.0
2018-11-05,89.05999755859375,89.86000061035156,88.6500015258789,89.86000061035156,350220.0
2018-11-06,90.05000305175781,88.93000030517578,88.54000091552734,90.05000305175781,149100.0
2018-11-07,89.63999938964844,88.05999755859375,87.91999816894531,89.63999938964844,186280.0
2018-11-08,87.80999755859375,85.87999725341797,85.87999725341797,87.80999755859375,191990.0
2018-11-09,86.36000061035156,85.97000122070312,84.47000122070312,86.5,560910.0
2018-11-12,85.83999633789062,85.77999877929688,85.4800033569336,86.5199966430664,268840.0
2018-11-13,86.16999816894531,85.25,84.36000061035156,86.16999816894531,137200.0
2018-11-14,85.0,86.30999755859375,84.66000366210938,86.30999755859375,6458280.0
2018-11-16,86.76000213623047,88.8499984741211,86.44999694824219,88.8499984741211,4275250.0
2018-11-19,88.83000183105469,88.23999786376953,87.38999938964844,88.83000183105469,647180.0
2018-11-21,87.94000244140625,87.61000061035156,86.8499984741211,87.94000244140625,681430.0
2018-11-22,87.7300033569336,87.73999786376953,87.62999725341797,87.98999786376953,22160.0
2018-11-23,87.25,86.48999786376953,86.44999694824219,87.25,94750.0
2018-11-26,86.80999755859375,85.88999938964844,85.3499984741211,87.22000122070312,696710.0
2018-11-27,86.38999938964844,88.16000366210938,85.9000015258789,88.30000305175781,251500.0
2018-11-28,88.4000015258789,89.5999984741211,87.63999938964844,89.5999984741211,901560.0
2018-11-29,88.80999755859375,90.05999755859375,88.80999755859375,90.19999694824219,740510.0
2018-11-30,89.5999984741211,89.86000061035156,89.5999984741211,90.51000213623047,718950.0
2018-12-03,91.4000015258789,90.16999816894531,89.80000305175781,91.4000015258789,521460.0
2018-12-04,90.3499984741211,88.87999725341797,88.33000183105469,90.3499984741211,798050.0
2018-12-05,89.29000091552734,89.38999938964844,88.88999938964844,89.38999938964844,594380.0
2018-12-06,88.91999816894531,89.19999694824219,87.37000274658203,89.19999694824219,1652470.0
2018-12-07,89.11000061035156,88.45999908447266,88.19000244140625,90.05000305175781,408920.0
2018-12-10,88.4800033569336,86.26000213623047,86.26000213623047,88.58999633789062,300350.0
2018-12-11,87.22000122070312,86.76000213623047,86.0999984741211,87.83000183105469,554480.0
2018-12-12,87.5999984741211,87.31999969482422,87.12000274658203,88.20999908447266,296680.0
2018-12-13,87.30000305175781,88.1500015258789,87.30000305175781,88.1500015258789,602680.0
2018-12-14,87.48999786376953,87.75,87.4000015258789,88.41999816894531,986740.0
2018-12-17,87.7300033569336,86.73999786376953,86.73999786376953,87.73999786376953,36460.0
2018-12-18,85.44000244140625,86.94999694824219,85.19999694824219,87.66000366210938,1270210.0
2018-12-19,87.80999755859375,86.01000213623047,86.01000213623047,88.41000366210938,1574820.0
2018-12-20,86.7300033569336,85.54000091552734,85.19999694824219,87.36000061035156,1675500.0
2018-12-21,85.62000274658203,86.04000091552734,85.5199966430664,86.87000274658203,1650320.0
2018-12-26,85.5,85.44999694824219,84.41000366210938,85.69999694824219,312430.0
2018-12-27,85.6500015258789,85.86000061035156,85.37000274658203,85.87000274658203,438930.0
2018-12-28,87.31999969482422,88.2699966430664,87.2300033569336,88.2699966430664,229460.0
2019-01-02,87.91999816894531,91.44999694824219,87.80999755859375,91.83000183105469,609860.0
2019-01-03,91.08999633789062,91.91999816894531,90.33999633789062,91.98999786376953,511860.0
2019-01-04,92.0,92.27999877929688,90.4000015258789,93.12000274658203,328880.0
2019-01-07,91.75,92.13999938964844,91.73999786376953,92.91999816894531,547660.0
2019-01-08,92.55000305175781,92.41999816894531,91.66000366210938,92.55000305175781,178070.0
2019-01-09,92.93000030517578,94.02999877929688,92.76000213623047,94.08999633789062,898040.0
2019-01-10,94.02999877929688,94.18000030517578,93.62000274658203,94.37000274658203,234130.0
2019-01-11,94.1500015258789,94.02999877929688,93.80000305175781,94.25,338780.0
2019-01-14,94.94000244140625,94.93000030517578,93.94999694824219,94.94000244140625,58170.0
2019-01-15,94.7699966430664,94.51000213623047,93.8499984741211,95.11000061035156,525690.0
2019-01-16,94.51000213623047,94.76000213623047,94.12000274658203,94.77999877929688,460580.0
2019-01-17,95.0,95.80999755859375,94.38999938964844,96.11000061035156,570900.0
2019-01-18,96.3499984741211,96.55999755859375,96.0,96.81999969482422,502230.0
2019-01-21,96.19999694824219,96.38999938964844,95.25,96.4000015258789,336080.0
2019-01-22,96.31999969482422,95.55000305175781,95.06999969482422,96.98999786376953,604820.0
2019-01-23,96.01000213623047,96.94000244140625,95.95999908447266,96.97000122070312,136670.0
2019-01-24,97.0999984741211,98.11000061035156,97.06999969482422,98.11000061035156,291020.0
2019-01-28,97.4000015258789,95.91000366210938,95.3499984741211,97.4000015258789,641890.0
2019-01-29,96.5,96.08000183105469,96.08000183105469,97.19000244140625,241250.0
2019-01-30,96.33000183105469,97.45999908447266,96.23999786376953,97.5999984741211,277300.0
2019-01-31,98.0999984741211,97.86000061035156,97.86000061035156,98.8499984741211,533110.0
2019-02-01,98.12999725341797,98.33000183105469,97.56999969482422,98.45999908447266,546260.0
2019-02-04,98.25,99.05999755859375,97.2699966430664,99.05999755859375,361090.0
2019-02-05,99.05999755859375,98.77999877929688,98.18000030517578,99.08000183105469,686060.0
2019-02-06,98.30000305175781,95.08999633789062,95.08999633789062,98.86000061035156,158500.0
2019-02-07,95.58000183105469,94.86000061035156,94.0,98.0,855210.0
2019-02-08,94.69999694824219,95.69999694824219,93.83000183105469,96.69999694824219,403020.0
2019-02-11,96.48999786376953,94.7699966430664,94.26000213623047,96.48999786376953,836760.0
2019-02-12,95.81999969482422,96.62000274658203,95.58999633789062,98.0,1015180.0
2019-02-13,97.25,96.29000091552734,95.70999908447266,97.25,536990.0
2019-02-14,97.88999938964844,98.37999725341797,95.33000183105469,98.37999725341797,290310.0
2019-02-15,98.44999694824219,97.9800033569336,97.48999786376953,98.58000183105469,211050.0
2019-02-18,98.0,96.95999908447266,96.62999725341797,98.0999984741211,3595400.0
2019-02-19,98.81999969482422,97.9800033569336,97.4000015258789,98.81999969482422,259730.0
2019-02-20,98.4000015258789,97.01000213623047,96.97000122070312,98.9800033569336,196340.0
2019-02-21,97.9800033569336,97.37999725341797,96.19999694824219,97.9800033569336,1764730.0
2019-02-22,97.9000015258789,98.33999633789062,97.5,98.33999633789062,319490.0
2019-02-25,98.5,97.73999786376953,97.55999755859375,98.5999984741211,256650.0
2019-02-26,98.9000015258789,98.01000213623047,97.69000244140625,98.9000015258789,387570.0
2019-02-27,98.0199966430664,97.70999908447266,97.48999786376953,98.1500015258789,214930.0
2019-02-28,97.72000122070312,96.06999969482422,95.8499984741211,97.94999694824219,413690.0
2019-03-01,96.6500015258789,95.08000183105469,94.80000305175781,96.6500015258789,327230.0
2019-03-07,95.05999755859375,94.81999969482422,94.11000061035156,95.05999755859375,931950.0
2019-03-08,94.30000305175781,95.83000183105469,93.66999816894531,95.87999725341797,486830.0
2019-03-11,96.69000244140625,98.5199966430664,96.30000305175781,98.5199966430664,89940.0
2019-03-12,98.5199966430664,98.2300033569336,97.87999725341797,98.62000274658203,136100.0
2019-03-13,98.5199966430664,99.4000015258789,97.8499984741211,99.5999984741211,476660.0
2019-03-14,99.41999816894531,99.0999984741211,98.2699966430664,99.44999694824219,243890.0
2019-03-15,99.0999984741211,99.52999877929688,99.06999969482422,99.86000061035156,210970.0
2019-03-18,100.0,100.4800033569336,99.5999984741211,100.5,147820.0
2019-03-19,100.44999694824219,100.08999633789062,99.81999969482422,100.91999816894531,253110.0
2019-03-20,100.1500015258789,98.37000274658203,98.3499984741211,100.19000244140625,207470.0
2019-03-21,98.37000274658203,97.0999984741211,95.91000366210938,98.37000274658203,1419180.0
2019-03-22,96.47000122070312,94.08999633789062,93.75,96.47000122070312,99010.0
2019-03-25,93.80000305175781,94.12999725341797,93.44999694824219,95.5,403530.0
2019-03-26,94.87000274658203,95.77999877929688,94.45999908447266,95.9000015258789,899480.0
2019-03-27,93.4000015258789,92.33000183105469,92.30000305175781,94.86000061035156,891200.0
2019-03-28,92.3499984741211,94.97000122070312,91.94999694824219,95.30999755859375,385190.0
2019-03-29,96.12999725341797,95.81999969482422,95.33000183105469,96.31999969482422,301790.0
2019-04-01,97.0,96.51000213623047,96.20999908447266,97.1500015258789,700860.0
2019-04-02,97.01000213623047,95.7699966430664,95.19000244140625,97.11000061035156,702080.0
2019-04-03,96.72000122070312,94.95999908447266,94.5,96.81999969482422,136060.0
2019-04-04,95.44000244140625,96.80000305175781,94.75,96.80000305175781,182400.0
2019-04-05,97.18000030517578,97.5,96.5999984741211,97.93000030517578,758510.0
2019-04-08,97.5,97.8499984741211,97.23999786376953,98.0199966430664,367800.0
2019-04-09,97.06999969482422,96.70999908447266,95.88999938964844,97.16999816894531,239920.0
2019-04-10,98.41000366210938,96.43000030517578,96.0999984741211,98.41000366210938,382410.0
2019-04-11,96.52999877929688,95.12999725341797,94.5999984741211,96.52999877929688,383130.0
2019-04-12,94.05000305175781,93.25,92.94999694824219,95.11000061035156,257280.0
2019-04-15,94.01000213623047,93.4800033569336,93.18000030517578,94.16999816894531,2009030.0
2019-04-16,93.73999786376953,94.72000122070312,93.31999969482422,95.5,388650.0
2019-04-17,96.95999908447266,93.66000366210938,92.75,96.95999908447266,752230.0
2019-04-18,94.31999969482422,95.04000091552734,93.80000305175781,95.5,179640.0
2019-04-22,94.83000183105469,95.05999755859375,94.0999984741211,95.4000015258789,654710.0
2019-04-23,95.25,96.4000015258789,95.25,96.68000030517578,67540.0
2019-04-24,96.87000274658203,95.5199966430664,94.5999984741211,96.87000274658203,48380.0
2019-04-25,95.5199966430664,96.9800033569336,94.69999694824219,96.9800033569336,629090.0
2019-04-26,96.9800033569336,96.70999908447266,96.05000305175781,96.9800033569336,178910.0
2019-04-29,97.0,96.66000366210938,96.5,97.5,69890.0
2019-04-30,96.7699966430664,96.83000183105469,96.20999908447266,97.1500015258789,67890.0
2019-05-02,96.6500015258789,96.01000213623047,95.80000305175781,96.6500015258789,233590.0
2019-05-03,96.01000213623047,96.4000015258789,96.01000213623047,96.77999877929688,257620.0
2019-05-06,96.22000122070312,95.4800033569336,94.91999816894531,96.22000122070312,384130.0
2019-05-07,95.5,94.86000061035156,93.12000274658203,96.19000244140625,1959460.0
2019-05-08,94.87000274658203,96.06999969482422,94.87000274658203,96.77999877929688,639870.0
2019-05-09,96.0,95.27999877929688,94.38999938964844,96.0,176630.0
2019-05-10,95.27999877929688,94.7300033569336,93.63999938964844,95.27999877929688,91340.0
2019-05-13,93.37000274658203,92.19000244140625,91.97000122070312,93.37000274658203,139040.0
2019-05-14,92.98999786376953,92.55000305175781,92.05999755859375,92.98999786376953,256140.0
2019-05-15,92.38999938964844,92.02999877929688,90.70999908447266,92.38999938964844,1204010.0
2019-05-16,91.91000366210938,90.47000122070312,90.20999908447266,91.91000366210938,371130.0
2019-05-17,90.4800033569336,90.43000030517578,89.80999755859375,91.73999786376953,926150.0
2019-05-20,90.55000305175781,92.4000015258789,90.25,92.55000305175781,296700.0
2019-05-21,93.4000015258789,94.8499984741211,92.4000015258789,95.05000305175781,178030.0
2019-05-22,95.19999694824219,94.83000183105469,94.27999877929688,95.5999984741211,842350.0
2019-05-23,94.19999694824219,94.38999938964844,93.69000244140625,94.88999938964844,1145070.0
2019-05-24,95.18000030517578,94.0999984741211,94.0,95.25,342450.0
2019-05-27,94.91000366210938,95.25,94.81999969482422,95.80000305175781,234270.0
2019-05-28,95.25,96.77999877929688,95.19999694824219,97.05999755859375,176970.0
2019-05-29,96.98999786376953,97.04000091552734,96.30000305175781,97.4000015258789,191800.0
2019-05-30,97.04000091552734,97.94999694824219,96.9000015258789,98.37000274658203,188510.0
2019-05-31,97.98999786376953,97.51000213623047,97.20999908447266,98.44999694824219,150420.0
2019-06-03,97.61000061035156,97.51000213623047,96.88999938964844,98.0999984741211,399420.0
2019-06-04,97.54000091552734,97.77999877929688,97.0,98.01000213623047,981350.0
2019-06-05,98.0999984741211,96.48999786376953,95.0,98.0999984741211,636740.0
2019-06-06,97.4800033569336,97.68000030517578,96.69999694824219,97.80000305175781,66990.0
2019-06-07,97.76000213623047,98.30000305175781,97.76000213623047,98.66999816894531,224620.0
2019-06-10,98.29000091552734,97.91999816894531,97.20999908447266,98.29000091552734,1043280.0
2019-06-11,97.95999908447266,99.44999694824219,97.95999908447266,99.44999694824219,558290.0
2019-06-12,99.0,98.70999908447266,98.41999816894531,99.69999694824219,893520.0
2019-06-13,99.48999786376953,99.16999816894531,99.04000091552734,99.75,309430.0
2019-06-14,99.77999877929688,98.43000030517578,98.0,99.77999877929688,443030.0
2019-06-17,98.43000030517578,98.0999984741211,98.0999984741211,98.81999969482422,1376200.0
2019-06-18,99.02999877929688,99.9000015258789,99.01000213623047,99.9000015258789,164590.0
2019-06-19,99.80000305175781,100.80000305175781,99.4000015258789,100.80000305175781,205880.0
2019-06-21,100.80999755859375,102.51000213623047,100.80999755859375,102.55000305175781,134140.0
2019-06-24,102.98999786376953,102.4800033569336,102.0999984741211,103.0999984741211,242320.0
2019-06-25,102.44999694824219,100.54000091552734,100.30999755859375,102.44999694824219,110900.0
2019-06-26,101.0,101.16999816894531,100.66999816894531,101.5,916050.0
2019-06-27,100.98999786376953,101.2300033569336,99.93000030517578,101.4000015258789,1114520.0
2019-06-28,101.86000061035156,101.41999816894531,101.23999786376953,102.05000305175781,316190.0
2019-07-01,101.5199966430664,101.83999633789062,101.5199966430664,102.93000030517578,558950.0
2019-07-02,101.95999908447266,101.02999877929688,100.37000274658203,102.04000091552734,2147240.0
2019-07-03,102.66000366210938,104.16000366210938,102.66000366210938,104.43000030517578,753360.0
2019-07-05,104.16000366210938,104.5999984741211,103.18000030517578,104.66999816894531,380390.0
2019-07-08,107.18000030517578,105.05000305175781,104.5,107.18000030517578,223920.0
2019-07-10,105.41000366210938,106.3499984741211,105.41000366210938,107.16999816894531,850880.0
2019-07-11,107.5,105.66000366210938,105.33000183105469,107.5,388880.0
2019-07-12,106.88999938964844,104.43000030517578,104.43000030517578,106.88999938964844,510120.0
2019-07-15,105.05000305175781,104.31999969482422,103.97000122070312,105.05000305175781,158000.0
2019-07-16,104.69000244140625,104.29000091552734,103.80000305175781,104.94000244140625,240140.0
2019-07-17,104.69999694824219,104.37000274658203,104.2300033569336,104.80000305175781,233340.0
2019-07-18,104.5,105.2300033569336,104.41999816894531,105.2300033569336,992790.0
2019-07-19,105.9800033569336,103.97000122070312,103.87000274658203,105.9800033569336,389160.0
2019-07-22,104.31999969482422,104.45999908447266,104.16000366210938,104.69999694824219,299310.0
2019-07-23,104.87999725341797,104.20999908447266,103.97000122070312,104.9000015258789,84900.0
2019-07-24,104.41000366210938,104.52999877929688,104.36000061035156,105.08000183105469,773510.0
2019-07-25,104.45999908447266,103.16000366210938,102.83000183105469,104.8499984741211,572080.0
2019-07-26,104.98999786376953,103.31999969482422,102.80000305175781,104.98999786376953,258640.0
2019-07-29,103.31999969482422,103.98999786376953,102.95999908447266,103.98999786376953,609840.0
2019-07-30,103.94999694824219,103.44000244140625,103.05000305175781,104.0199966430664,391360.0
2019-07-31,104.94999694824219,102.20999908447266,101.37000274658203,104.94999694824219,314400.0
2019-08-01,104.0,102.62000274658203,102.33000183105469,104.55000305175781,222470.0
2019-08-02,102.68000030517578,103.1500015258789,102.12000274658203,103.98999786376953,668170.0
2019-08-05,101.98999786376953,100.58999633789062,100.0999984741211,101.98999786376953,411160.0
2019-08-06,101.1500015258789,102.66000366210938,101.1500015258789,102.66000366210938,174000.0
2019-08-07,102.4000015258789,103.19999694824219,100.88999938964844,103.19999694824219,595950.0
2019-08-08,103.51000213623047,104.61000061035156,103.51000213623047,104.80000305175781,468470.0
2019-08-09,104.61000061035156,104.41999816894531,104.0,105.30000305175781,191800.0
2019-08-12,103.5,102.4000015258789,101.98999786376953,103.5,379340.0
2019-08-13,102.51000213623047,103.80000305175781,101.80000305175781,104.23999786376953,554540.0
2019-08-14,102.80000305175781,100.75,100.37999725341797,102.80000305175781,243920.0
2019-08-15,101.4000015258789,99.54000091552734,98.5199966430664,101.43000030517578,338800.0
2019-08-16,100.11000061035156,100.30000305175781,99.5,100.91000366210938,538410.0
2019-08-19,102.69000244140625,99.94999694824219,99.29000091552734,102.69000244140625,641980.0
2019-08-20,99.94999694824219,99.69999694824219,98.19999694824219,100.11000061035156,455030.0
2019-08-21,100.51000213623047,101.69000244140625,100.0,101.73999786376953,747820.0
2019-08-22,102.0,100.43000030517578,100.43000030517578,102.0199966430664,440790.0
2019-08-23,100.0,98.12999725341797,97.4000015258789,100.37000274658203,748830.0
2019-08-26,99.19000244140625,96.75,96.43000030517578,99.19000244140625,830810.0
2019-08-27,96.76000213623047,97.66000366210938,96.2300033569336,98.30999755859375,1097540.0
2019-08-28,97.4000015258789,98.6500015258789,96.95999908447266,98.79000091552734,1096300.0
2019-08-29,98.91999816894531,101.0199966430664,98.91999816894531,101.19999694824219,290000.0
2019-08-30,101.4000015258789,101.63999938964844,101.19999694824219,102.63999938964844,338350.0
2019-09-02,101.63999938964844,101.0199966430664,101.01000213623047,102.02999877929688,1492670.0
2019-09-03,101.0,100.05999755859375,99.75,101.83999633789062,1457530.0
2019-09-04,100.77999877929688,101.5999984741211,100.76000213623047,101.5999984741211,1769460.0
2019-09-05,102.02999877929688,102.66999816894531,102.02999877929688,103.73999786376953,236550.0
2019-09-06,102.80999755859375,103.33999633789062,102.80999755859375,103.5999984741211,641170.0
2019-09-09,103.72000122070312,103.58000183105469,103.30000305175781,104.69999694824219,2352690.0
2019-09-10,103.68000030517578,103.5199966430664,102.69999694824219,104.0199966430664,302520.0
2019-09-11,103.6500015258789,103.87000274658203,103.6500015258789,104.5999984741211,720620.0
2019-09-12,104.2300033569336,104.81999969482422,104.18000030517578,105.13999938964844,336000.0
2019-09-13,105.0,103.91000366210938,103.05999755859375,105.08999633789062,1496540.0
2019-09-16,104.02999877929688,104.08000183105469,103.25,104.44999694824219,1924710.0
2019-09-17,103.98999786376953,105.12000274658203,103.41000366210938,105.12000274658203,61940.0
2019-09-18,105.12000274658203,105.0199966430664,104.11000061035156,105.12000274658203,869290.0
2019-09-19,105.27999877929688,104.7300033569336,104.69999694824219,106.4800033569336,335490.0
2019-09-20,105.2300033569336,105.30999755859375,104.33999633789062,105.48999786376953,670500.0
2019-09-23,105.0,105.12000274658203,104.43000030517578,106.0,208980.0
2019-09-24,104.9000015258789,104.2699966430664,103.88999938964844,106.0,3512180.0
2019-09-25,104.02999877929688,104.97000122070312,103.45999908447266,104.97000122070312,177870.0
2019-09-26,104.97000122070312,105.81999969482422,104.83000183105469,105.81999969482422,230740.0
2019-09-27,105.66000366210938,105.56999969482422,104.94999694824219,106.08000183105469,291610.0
2019-09-30,105.5999984741211,105.1500015258789,105.1500015258789,105.62000274658203,416200.0
2019-10-01,105.1500015258789,104.54000091552734,104.25,105.56999969482422,2979510.0
2019-10-02,103.26000213623047,101.48999786376953,101.30000305175781,103.37000274658203,851780.0
2019-10-03,101.55000305175781,102.0,100.37999725341797,102.0,723600.0
2019-10-04,102.98999786376953,103.02999877929688,101.4800033569336,103.02999877929688,293980.0
2019-10-07,103.02999877929688,101.0199966430664,100.88999938964844,103.02999877929688,497990.0
2019-10-08,102.01000213623047,100.44000244140625,100.22000122070312,102.01000213623047,671410.0
2019-10-09,101.01000213623047,101.72000122070312,100.5999984741211,101.98999786376953,1417000.0
2019-10-10,101.4000015258789,102.20999908447266,101.4000015258789,102.80000305175781,860150.0
2019-10-11,102.77999877929688,104.33000183105469,102.77999877929688,104.91000366210938,472440.0
2019-10-14,104.33000183105469,104.79000091552734,103.94000244140625,104.79000091552734,363090.0
2019-10-15,104.68000030517578,104.87000274658203,104.51000213623047,105.51000213623047,504900.0
2019-10-16,104.7300033569336,105.91999816894531,104.0,105.91999816894531,161080.0
2019-10-17,105.91999816894531,105.4000015258789,105.23999786376953,106.37999725341797,322530.0
2019-10-18,105.4000015258789,105.11000061035156,104.94999694824219,105.88999938964844,495290.0
2019-10-21,103.55000305175781,106.48999786376953,103.55000305175781,106.48999786376953,386830.0
2019-10-22,105.94999694824219,107.86000061035156,105.94999694824219,107.88999938964844,805820.0
2019-10-23,107.87999725341797,107.91999816894531,107.47000122070312,108.4000015258789,260720.0
2019-10-24,107.86000061035156,107.37000274658203,107.01000213623047,108.19000244140625,683840.0
2019-10-25,107.79000091552734,107.8499984741211,107.4800033569336,108.5199966430664,933190.0
2019-10-28,107.88999938964844,108.56999969482422,107.76000213623047,108.8499984741211,1220400.0
2019-10-29,108.2699966430664,107.93000030517578,107.77999877929688,108.45999908447266,1066150.0
2019-10-30,107.93000030517578,108.9000015258789,106.94999694824219,108.9000015258789,509120.0
2019-10-31,109.0,107.61000061035156,106.72000122070312,109.0,688490.0
2019-11-01,108.19000244140625,108.69000244140625,108.19000244140625,108.91000366210938,1142210.0
2019-11-04,108.9000015258789,109.16000366210938,108.75,109.75,1184150.0
2019-11-05,109.4000015258789,109.19999694824219,108.62000274658203,109.75,752690.0
2019-11-06,109.58000183105469,108.73999786376953,107.76000213623047,110.16000366210938,1586370.0
2019-11-07,108.76000213623047,109.97000122070312,108.76000213623047,110.13999938964844,753350.0
2019-11-08,110.31999969482422,108.11000061035156,107.47000122070312,110.31999969482422,1405580.0
2019-11-11,107.79000091552734,108.8499984741211,107.20999908447266,108.8499984741211,1526160.0
2019-11-12,108.8499984741211,107.1500015258789,106.62999725341797,108.8499984741211,795510.0
2019-11-13,106.9800033569336,106.44000244140625,105.63999938964844,107.12999725341797,172890.0
2019-11-14,106.55000305175781,107.05000305175781,106.23999786376953,107.19999694824219,308630.0
2019-11-18,107.08999633789062,106.75,106.69999694824219,108.0199966430664,1301810.0
2019-11-19,107.0,106.3499984741211,105.79000091552734,107.3499984741211,468160.0
2019-11-21,106.36000061035156,107.88999938964844,106.36000061035156,108.94999694824219,298780.0
2019-11-22,108.0999984741211,109.19000244140625,107.63999938964844,109.19000244140625,818730.0
2019-11-25,109.20999908447266,108.91000366210938,108.54000091552734,109.31999969482422,503720.0
2019-11-26,108.6500015258789,107.55000305175781,106.81999969482422,108.6500015258789,1850570.0
2019-11-27,107.69999694824219,108.11000061035156,106.66000366210938,108.43000030517578,999020.0
2019-11-28,108.08999633789062,108.69000244140625,107.69999694824219,108.81999969482422,1626370.0
2019-11-29,108.88999938964844,108.7300033569336,108.19999694824219,109.16999816894531,340560.0
2019-12-02,108.94999694824219,109.30000305175781,108.94999694824219,109.7699966430664,1453660.0
2019-12-03,109.30999755859375,109.3499984741211,108.55999755859375,109.79000091552734,1468550.0
2019-12-04,110.0999984741211,110.69999694824219,109.62999725341797,110.69999694824219,1201690.0
2019-12-05,110.69999694824219,111.12000274658203,110.52999877929688,111.52999877929688,298660.0
2019-12-06,111.44000244140625,111.6500015258789,111.29000091552734,111.91999816894531,820540.0
2019-12-09,111.66999816894531,111.37000274658203,111.2699966430664,111.88999938964844,748320.0
2019-12-10,111.37000274658203,111.05999755859375,110.56999969482422,111.66999816894531,496030.0
2019-12-11,111.5,111.36000061035156,110.98999786376953,111.55999755859375,288130.0
2019-12-12,111.5199966430664,112.62999725341797,111.5199966430664,112.95999908447266,1756990.0
2019-12-13,113.2699966430664,113.06999969482422,112.25,113.29000091552734,2447710.0
2019-12-16,113.54000091552734,112.29000091552734,112.29000091552734,113.69999694824219,2338780.0
2019-12-17,112.8499984741211,113.12999725341797,112.45999908447266,113.1500015258789,491140.0
2019-12-18,113.12999725341797,114.7300033569336,112.87999725341797,114.77999877929688,272340.0
2019-12-19,114.19999694824219,115.6500015258789,113.5,115.6500015258789,681220.0
2019-12-20,115.80000305175781,115.62000274658203,115.0,117.37999725341797,573240.0
2019-12-23,115.69999694824219,116.29000091552734,115.45999908447266,116.29000091552734,434430.0
2019-12-26,116.3499984741211,117.6500015258789,116.19999694824219,117.80999755859375,759760.0
2019-12-27,117.66000366210938,117.12999725341797,116.54000091552734,118.33999633789062,1353490.0
2019-12-30,117.2300033569336,116.25,116.11000061035156,117.66999816894531,1159270.0
2020-01-02,117.6500015258789,119.20999908447266,116.9800033569336,119.20999908447266,454180.0
2020-01-03,118.30000305175781,118.22000122070312,117.70999908447266,119.37000274658203,263350.0
2020-01-06,118.0,117.38999938964844,116.13999938964844,118.2699966430664,1353020.0
2020-01-07,117.63999938964844,117.2699966430664,116.5,117.63999938964844,1313760.0
2020-01-08,117.19999694824219,116.8499984741211,116.20999908447266,117.91999816894531,1227580.0
2020-01-09,116.86000061035156,116.56999969482422,115.94000244140625,117.4000015258789,642630.0
2020-01-10,116.86000061035156,116.12000274658203,115.44999694824219,117.4000015258789,1800610.0
2020-01-13,116.1500015258789,117.8499984741211,116.1500015258789,117.9000015258789,472970.0
2020-01-14,117.80000305175781,118.26000213623047,117.19999694824219,118.26000213623047,1508810.0
2020-01-15,117.94000244140625,117.02999877929688,116.7300033569336,117.94000244140625,943440.0
2020-01-16,117.94000244140625,117.30999755859375,116.43000030517578,117.94000244140625,448540.0
2020-01-17,117.63999938964844,119.0999984741211,117.62000274658203,119.0999984741211,452890.0
2020-01-20,118.98999786376953,119.45999908447266,118.43000030517578,119.45999908447266,219310.0
2020-01-21,118.98999786376953,117.52999877929688,117.52999877929688,119.45999908447266,781330.0
2020-01-22,118.63999938964844,119.01000213623047,118.06999969482422,119.01000213623047,4333790.0
2020-01-23,118.69000244140625,120.02999877929688,117.4800033569336,120.12999725341797,379400.0
2020-01-24,120.18000030517578,118.98999786376953,118.5999984741211,120.25,751110.0
2020-01-27,117.98999786376953,114.94999694824219,114.94999694824219,117.98999786376953,1089660.0
2020-01-28,115.05000305175781,117.08999633789062,115.05000305175781,117.31999969482422,245110.0
2020-01-29,117.12000274658203,115.97000122070312,115.62999725341797,117.5999984741211,431280.0
2020-01-30,114.95999908447266,116.0999984741211,113.30000305175781,116.0999984741211,533600.0
2020-01-31,113.98999786376953,114.3499984741211,113.69000244140625,114.87000274658203,439140.0
2020-02-03,114.1500015258789,115.11000061035156,114.05000305175781,115.8499984741211,548390.0
2020-02-04,116.08000183105469,116.16999816894531,115.55000305175781,117.19999694824219,255550.0
2020-02-05,117.0,116.63999938964844,116.62999725341797,118.27999877929688,337660.0
2020-02-06,117.3499984741211,115.77999877929688,115.22000122070312,119.0,540750.0
2020-02-07,115.77999877929688,114.23999786376953,114.23999786376953,115.77999877929688,588670.0
2020-02-10,114.22000122070312,113.1500015258789,112.63999938964844,114.63999938964844,523900.0
2020-02-11,114.0,115.97000122070312,114.0,116.0999984741211,480460.0
2020-02-12,116.08000183105469,117.29000091552734,116.08000183105469,118.18000030517578,446960.0
2020-02-13,116.5,116.12999725341797,115.33000183105469,116.5,353790.0
2020-02-14,117.06999969482422,114.95999908447266,114.5999984741211,117.06999969482422,212860.0
2020-02-17,115.68000030517578,115.77999877929688,115.22000122070312,116.23999786376953,233880.0
2020-02-18,115.3499984741211,115.55999755859375,114.01000213623047,115.55999755859375,1023510.0
2020-02-19,115.69999694824219,116.9800033569336,115.19000244140625,117.02999877929688,643540.0
2020-02-20,116.9800033569336,115.1500015258789,114.8499984741211,117.05000305175781,406950.0
2020-02-21,114.5999984741211,114.29000091552734,113.18000030517578,115.13999938964844,1478900.0
2020-02-27,105.05000305175781,103.48999786376953,103.48999786376953,107.20999908447266,4560280.0
2020-02-28,103.3499984741211,104.7300033569336,100.44000244140625,104.7300033569336,7322820.0
2020-03-02,104.80000305175781,107.23999786376953,104.23999786376953,107.73999786376953,2007150.0
2020-03-03,107.62999725341797,106.0999984741211,104.94000244140625,109.93000030517578,2584330.0
2020-03-04,109.0,107.6500015258789,105.5199966430664,109.0,2242020.0
2020-03-05,106.30000305175781,102.77999877929688,101.0,106.44999694824219,2804870.0
2020-03-06,99.5,98.5199966430664,97.33999633789062,99.9000015258789,3622050.0
2020-03-09,92.0,86.44000244140625,86.0199966430664,92.0,2448010.0
2020-03-10,92.0,92.5999984741211,87.58999633789062,92.61000061035156,6347750.0
2020-03-11,89.98999786376953,85.69000244140625,81.45999908447266,90.8499984741211,5128740.0
2020-03-12,68.0,72.81999969482422,68.0,75.08000183105469,11343840.0
2020-03-13,80.5,83.0,73.0199966430664,84.58999633789062,2133510.0
2020-03-16,72.0,72.12000274658203,71.0,76.80000305175781,826350.0
2020-03-17,73.0,74.5999984741211,71.0,77.69999694824219,6466510.0
2020-03-18,68.6500015258789,67.30000305175781,63.38999938964844,70.79000091552734,6511910.0
2020-03-19,65.69999694824219,68.69999694824219,61.599998474121094,70.37000274658203,3944590.0
2020-03-20,73.0,67.44000244140625,66.19999694824219,73.0,5146230.0
2020-03-23,67.0,63.72999954223633,62.22999954223633,68.41999816894531,6570650.0
2020-03-24,68.9000015258789,70.19999694824219,68.63999938964844,71.93000030517578,1439930.0
2020-03-25,71.0,74.98999786376953,68.75,77.0999984741211,3082610.0
2020-03-26,76.19999694824219,77.9800033569336,75.87000274658203,79.20999908447266,5510180.0
2020-03-27,74.80000305175781,73.69999694824219,72.83999633789062,76.16000366210938,3948560.0
2020-03-30,75.0,74.8499984741211,73.58999633789062,75.5,583930.0
2020-03-31,74.69999694824219,73.19999694824219,72.5999984741211,75.80000305175781,855850.0
2020-04-01,71.61000061035156,71.36000061035156,69.8499984741211,71.94000244140625,584560.0
2020-04-02,71.69999694824219,72.56999969482422,71.43000030517578,74.30999755859375,1623230.0
2020-04-03,72.56999969482422,69.8499984741211,68.19999694824219,72.75,1140980.0
2020-04-06,74.0,74.38999938964844,72.88999938964844,75.69000244140625,1000380.0
2020-04-07,78.5999984741211,76.69999694824219,76.69999694824219,80.30000305175781,1445810.0
2020-04-08,76.5,78.97000122070312,76.5,79.5,1239220.0
2020-04-09,79.5,78.01000213623047,77.80000305175781,80.80000305175781,3244300.0
2020-04-13,77.9000015258789,78.80000305175781,76.75,79.0199966430664,613900.0
2020-04-14,80.02999877929688,79.8499984741211,79.8499984741211,82.08000183105469,2581710.0
2020-04-15,78.0,79.2300033569336,78.0,80.23999786376953,2559950.0
2020-04-16,80.43000030517578,78.16999816894531,77.77999877929688,80.51000213623047,707600.0
2020-04-17,80.0,79.37000274658203,78.06999969482422,80.2300033569336,1762150.0
2020-04-20,77.51000213623047,79.3499984741211,77.01000213623047,80.5199966430664,1086590.0
2020-04-22,79.1500015258789,80.86000061035156,79.1500015258789,81.56999969482422,522670.0
2020-04-23,81.18000030517578,80.0,78.9000015258789,82.18000030517578,1068750.0
2020-04-24,79.44000244140625,75.69000244140625,72.04000091552734,79.44000244140625,2811390.0
2020-04-27,77.88999938964844,78.54000091552734,76.66000366210938,79.0,1718170.0
2020-04-28,80.9000015258789,81.70999908447266,80.4800033569336,81.81999969482422,1845980.0
2020-04-29,83.19999694824219,83.56999969482422,82.4000015258789,84.01000213623047,3785410.0
2020-04-30,82.0,80.79000091552734,80.51000213623047,82.43000030517578,1753430.0
2020-05-04,78.5999984741211,79.25,77.93000030517578,79.5,1557260.0
2020-05-05,79.9000015258789,79.83000183105469,79.4800033569336,81.45999908447266,522120.0
2020-05-06,80.06999969482422,79.43000030517578,78.38999938964844,80.16999816894531,1474910.0
2020-05-07,80.01000213623047,78.5,78.36000061035156,80.51000213623047,1418090.0
2020-05-08,79.66000366210938,80.75,79.66000366210938,80.91000366210938,960450.0
2020-05-11,80.0,79.44000244140625,79.33000183105469,81.0,1125660.0
2020-05-12,80.0999984741211,78.23999786376953,78.23999786376953,80.62000274658203,1374290.0
2020-05-13,78.87999725341797,78.12999725341797,77.4000015258789,79.3499984741211,830880.0
2020-05-14,77.4000015258789,79.4000015258789,75.94999694824219,79.4000015258789,2547700.0
2020-05-15,79.4000015258789,77.69999694824219,77.61000061035156,79.91000366210938,1016530.0
2020-05-18,80.33000183105469,81.5999984741211,80.18000030517578,81.81999969482422,676050.0
2020-05-19,81.44999694824219,81.05999755859375,81.0,82.56999969482422,1396560.0
2020-05-20,81.77999877929688,81.55000305175781,81.20999908447266,82.66000366210938,2490100.0
2020-05-21,81.79000091552734,83.41999816894531,81.79000091552734,83.72000122070312,401590.0
2020-05-22,82.19000244140625,83.0,82.0,83.05999755859375,799740.0
2020-05-25,84.9000015258789,86.06999969482422,84.5999984741211,86.30999755859375,1480970.0
2020-05-26,87.94999694824219,85.95999908447266,85.75,87.94999694824219,1484160.0
2020-05-27,86.69999694824219,88.37000274658203,86.27999877929688,88.37000274658203,917110.0
2020-05-28,88.0,87.37000274658203,87.13999938964844,88.48999786376953,2227400.0
2020-05-29,87.33000183105469,87.70999908447266,85.66999816894531,87.70999908447266,895330.0
2020-06-01,87.6500015258789,89.12999725341797,86.69999694824219,89.4800033569336,3378190.0
2020-06-02,91.5,91.56999969482422,89.72000122070312,91.56999969482422,3207360.0
2020-06-03,93.87000274658203,93.2699966430664,92.76000213623047,94.19000244140625,4160880.0
2020-06-04,92.86000061035156,94.19999694824219,92.81999969482422,94.62000274658203,3459410.0
2020-06-05,96.80000305175781,95.13999938964844,95.01000213623047,97.81999969482422,2526460.0
2020-06-08,95.5,98.0,95.5,98.19999694824219,2334020.0
2020-06-09,96.79000091552734,97.22000122070312,95.93000030517578,97.7300033569336,5564480.0
2020-06-10,97.94999694824219,95.0999984741211,95.0,98.31999969482422,3928340.0
2020-06-12,92.83999633789062,93.19999694824219,91.16999816894531,93.77999877929688,3779280.0
2020-06-15,91.29000091552734,92.8499984741211,90.5,93.58000183105469,5423350.0
2020-06-16,95.5,93.95999908447266,93.25,95.68000030517578,3091880.0
2020-06-17,94.23999786376953,95.94999694824219,94.23999786376953,97.06999969482422,3971000.0
2020-06-18,95.4000015258789,96.56999969482422,95.11000061035156,97.5999984741211,4700050.0
2020-06-19,98.0,96.62000274658203,96.27999877929688,98.06999969482422,4434480.0
2020-06-22,97.79000091552734,95.69000244140625,95.30999755859375,97.79000091552734,2197640.0
2020-06-23,97.69999694824219,96.4000015258789,96.0999984741211,97.87999725341797,3418850.0
2020-06-24,96.30000305175781,94.69000244140625,93.66000366210938,96.30000305175781,2883090.0
2020-06-25,94.68000030517578,96.37999725341797,94.5199966430664,96.75,2772890.0
2020-06-26,95.94999694824219,94.19999694824219,93.93000030517578,96.41000366210938,2883250.0
2020-06-29,94.6500015258789,95.80000305175781,94.23999786376953,95.95999908447266,3126730.0
2020-06-30,96.0999984741211,96.2699966430664,95.2300033569336,96.76000213623047,2865980.0
2020-07-01,95.62999725341797,96.68000030517578,95.62999725341797,97.38999938964844,3528360.0
2020-07-02,98.0,96.62999725341797,96.5,98.41999816894531,1877490.0
2020-07-08,98.41999816894531,100.47000122070312,98.41999816894531,100.47000122070312,1219000.0
2020-07-09,100.3499984741211,98.70999908447266,98.70999908447266,100.54000091552734,2799160.0
2020-07-10,99.2699966430664,100.44999694824219,99.12000274658203,100.58999633789062,2345740.0
2020-07-13,100.9000015258789,99.08999633789062,99.08999633789062,101.36000061035156,4204610.0
2020-07-14,99.11000061035156,100.81999969482422,98.73999786376953,101.05000305175781,2742860.0
2020-07-15,101.80000305175781,102.2699966430664,101.19000244140625,102.62000274658203,3620700.0
2020-07-16,102.02999877929688,101.05000305175781,100.5999984741211,102.02999877929688,1127500.0
2020-07-17,101.73999786376953,103.47000122070312,101.6500015258789,103.55000305175781,3362380.0
2020-07-20,103.5,104.94999694824219,103.19000244140625,104.94999694824219,1713740.0
2020-07-21,105.30000305175781,104.6500015258789,104.2699966430664,105.77999877929688,2196150.0
2020-07-22,104.6500015258789,104.6500015258789,103.70999908447266,105.5,985560.0
2020-07-23,104.6500015258789,102.75,102.55000305175781,105.41999816894531,2276380.0
2020-07-24,102.51000213623047,103.05000305175781,101.31999969482422,103.19000244140625,1359800.0
2020-07-27,104.87999725341797,104.95999908447266,103.1500015258789,105.08000183105469,2723670.0
2020-07-28,104.95999908447266,104.58000183105469,104.0,105.19999694824219,2077940.0
2020-07-29,105.41000366210938,105.87000274658203,105.2300033569336,106.23999786376953,2175350.0
2020-07-30,105.5,105.45999908447266,104.37000274658203,105.75,1750040.0
2020-07-31,106.18000030517578,103.51000213623047,103.12000274658203,106.18000030517578,3058150.0
2020-08-03,104.30000305175781,103.44999694824219,102.80000305175781,104.41000366210938,1672100.0
2020-08-04,102.5,101.8499984741211,100.4000015258789,103.25,4305470.0
2020-08-05,102.0199966430664,103.31999969482422,102.0199966430664,104.26000213623047,1707460.0
2020-08-06,103.3499984741211,104.63999938964844,103.30000305175781,105.05999755859375,1323910.0
2020-08-07,104.61000061035156,103.23999786376953,102.3499984741211,104.68000030517578,2721930.0
2020-08-10,103.23999786376953,103.83999633789062,101.69000244140625,104.18000030517578,2167010.0
2020-08-11,104.5999984741211,102.62000274658203,102.61000061035156,104.87999725341797,2523120.0
2020-08-12,102.63999938964844,102.58999633789062,101.11000061035156,103.6500015258789,1901400.0
2020-08-13,102.5999984741211,100.8499984741211,100.4800033569336,103.68000030517578,9598320.0
2020-08-14,100.8499984741211,101.69000244140625,100.8499984741211,102.26000213623047,6443910.0
2020-08-17,101.69000244140625,100.0,98.94999694824219,102.19000244140625,1473790.0
2020-08-18,102.0,102.4000015258789,101.55000305175781,102.7699966430664,1677750.0
2020-08-19,102.4000015258789,101.27999877929688,101.1500015258789,102.66000366210938,1729650.0
2020-08-20,99.94999694824219,102.0,99.31999969482422,102.25,1373510.0
2020-08-21,102.0,101.80000305175781,100.80999755859375,102.05999755859375,1392930.0
2020-08-24,101.81999969482422,102.68000030517578,101.81999969482422,102.94000244140625,1065760.0
2020-08-25,103.0,102.52999877929688,102.04000091552734,103.43000030517578,1364900.0
2020-08-26,102.48999786376953,100.8499984741211,99.75,103.0,2045750.0
2020-08-27,101.16999816894531,101.02999877929688,100.26000213623047,102.06999969482422,3160990.0
2020-08-28,101.9800033569336,102.63999938964844,101.31999969482422,102.8499984741211,1941470.0
2020-08-31,102.58999633789062,100.44999694824219,100.33999633789062,102.58999633789062,1432310.0
2020-09-01,101.0,102.66000366210938,100.80000305175781,102.7699966430664,1970620.0
2020-09-02,102.69999694824219,102.37999725341797,101.25,103.25,3733500.0
2020-09-03,102.9800033569336,101.18000030517578,100.18000030517578,103.72000122070312,4955110.0
2020-09-04,101.19999694824219,101.72000122070312,99.38999938964844,102.25,3460440.0
2020-09-08,101.69999694824219,100.55000305175781,99.79000091552734,101.69999694824219,2451330.0
2020-09-09,101.0,101.83999633789062,100.9000015258789,102.12999725341797,2854650.0
2020-09-10,101.83999633789062,99.19999694824219,99.08999633789062,101.9800033569336,1783030.0
2020-09-11,99.4000015258789,98.5999984741211,98.18000030517578,99.87000274658203,1657560.0
2020-09-14,99.4000015258789,100.72000122070312,99.3499984741211,100.98999786376953,1269150.0
2020-09-15,101.4000015258789,100.63999938964844,100.06999969482422,101.4000015258789,1637060.0
2020-09-16,101.5,100.20999908447266,100.08000183105469,101.5,1887080.0
2020-09-17,99.98999786376953,100.56999969482422,98.30999755859375,100.69999694824219,1407910.0
2020-09-18,100.56999969482422,98.75,98.44000244140625,100.56999969482422,1712380.0
2020-09-21,97.5999984741211,97.31999969482422,94.86000061035156,97.70999908447266,2018480.0
2020-09-22,97.01000213623047,97.68000030517578,96.8499984741211,98.16000366210938,1365950.0
2020-09-23,97.62999725341797,96.22000122070312,96.16999816894531,99.4000015258789,2366740.0
2020-09-24,96.23999786376953,97.45999908447266,96.19000244140625,98.45999908447266,1504470.0
2020-09-25,95.91999816894531,97.5,95.91999816894531,97.5,1423220.0
2020-09-28,98.20999908447266,95.12000274658203,94.77999877929688,98.80000305175781,2817140.0
2020-09-29,95.79000091552734,93.79000091552734,93.75,95.9800033569336,3079358.0
2020-09-30,94.33000183105469,95.05999755859375,94.33000183105469,95.83000183105469,3593647.0
2020-10-01,95.30000305175781,95.87000274658203,94.0199966430664,96.05000305175781,1577227.0
2020-10-02,95.77999877929688,94.27999877929688,94.27999877929688,96.47000122070312,1694937.0
2020-10-05,95.4800033569336,96.68000030517578,94.38999938964844,96.9000015258789,3117387.0
2020-10-06,97.5999984741211,96.12000274658203,95.62000274658203,97.94999694824219,2215515.0
2020-10-07,95.9800033569336,96.12999725341797,95.27999877929688,96.87000274658203,1695322.0
2020-10-08,96.2699966430664,98.23999786376953,96.04000091552734,98.55000305175781,1519724.0
2020-10-09,98.33999633789062,97.87999725341797,97.5999984741211,99.16999816894531,1472301.0
2020-10-13,98.9000015258789,99.0999984741211,97.75,99.51000213623047,904938.0
2020-10-14,99.13999938964844,99.9800033569336,98.5199966430664,100.06999969482422,1145612.0
2020-10-15,98.54000091552734,99.63999938964844,98.18000030517578,99.94000244140625,1376560.0
2020-10-16,99.30000305175781,98.91999816894531,98.72000122070312,99.62000274658203,2361178.0
2020-10-19,99.08999633789062,99.01000213623047,98.87000274658203,100.41999816894531,1325552.0
2020-10-20,99.95999908447266,101.0,99.88999938964844,101.19999694824219,943106.0
2020-10-21,100.87999725341797,101.33999633789062,100.61000061035156,102.0999984741211,859077.0
2020-10-22,100.9000015258789,102.22000122070312,100.87999725341797,102.44000244140625,3722198.0
2020-10-23,102.45999908447266,101.66999816894531,101.6500015258789,102.63999938964844,1810782.0
2020-10-26,101.43000030517578,100.94999694824219,100.20999908447266,102.23999786376953,911288.0
2020-10-27,101.72000122070312,99.9800033569336,99.79000091552734,102.0999984741211,895989.0
2020-10-28,98.05999755859375,96.44999694824219,96.19999694824219,98.16000366210938,1242798.0
2020-10-29,95.5999984741211,96.91000366210938,93.83000183105469,97.0999984741211,5802843.0
2020-10-30,96.9000015258789,94.4000015258789,93.9800033569336,96.9000015258789,3928464.0
2020-11-03,96.13999938964844,95.5999984741211,95.4800033569336,96.69999694824219,528273.0
2020-11-04,97.77999877929688,98.56999969482422,96.91000366210938,98.7699966430664,1181839.0
2020-11-05,99.80999755859375,100.98999786376953,99.58000183105469,101.2300033569336,880374.0
2020-11-06,100.55000305175781,101.5,100.33999633789062,101.62000274658203,1227664.0
2020-11-09,104.37000274658203,104.16999816894531,103.63999938964844,105.62999725341797,782906.0
2020-11-10,103.97000122070312,105.95999908447266,103.97000122070312,106.30999755859375,1278234.0
2020-11-11,105.19999694824219,105.19000244140625,104.58999633789062,105.93000030517578,1148831.0
2020-11-12,105.11000061035156,103.08999633789062,102.87000274658203,105.52999877929688,617137.0
2020-11-13,103.48999786376953,105.33000183105469,103.48999786376953,105.33000183105469,3167165.0
2020-11-16,106.41000366210938,106.51000213623047,105.69999694824219,106.73999786376953,1406974.0
2020-11-17,106.73999786376953,107.91999816894531,106.36000061035156,108.33000183105469,1372551.0
2020-11-18,107.79000091552734,107.47000122070312,106.69000244140625,108.0,609685.0
2020-11-19,106.48999786376953,106.81999969482422,106.01000213623047,107.5,819129.0
2020-11-23,107.22000122070312,107.66000366210938,107.05999755859375,108.0,1510793.0
2020-11-24,107.9800033569336,110.33999633789062,107.9800033569336,110.45999908447266,814912.0
2020-11-25,110.12000274658203,110.73999786376953,109.79000091552734,111.1500015258789,1432233.0
2020-11-27,110.9800033569336,111.06999969482422,110.80999755859375,112.08000183105469,1874712.0
2020-11-30,110.30999755859375,109.63999938964844,109.36000061035156,111.45999908447266,1617306.0
2020-12-01,110.94999694824219,112.12999725341797,110.83999633789062,112.4000015258789,2558692.0
2020-12-02,111.62999725341797,111.93000030517578,111.12000274658203,112.87000274658203,3285765.0
2020-12-03,112.6500015258789,113.51000213623047,112.4000015258789,113.91000366210938,589458.0
2020-12-04,113.12000274658203,114.26000213623047,113.12000274658203,114.44000244140625,3039273.0
2020-12-07,114.26000213623047,114.77999877929688,113.98999786376953,115.06999969482422,692264.0
2020-12-08,113.98999786376953,114.04000091552734,113.2699966430664,114.87999725341797,2402097.0
2020-12-09,114.29000091552734,113.2699966430664,112.97000122070312,114.51000213623047,1150682.0
2020-12-10,113.8499984741211,115.58999633789062,113.19999694824219,115.80000305175781,777428.0
2020-12-11,115.6500015258789,115.61000061035156,114.5,116.08000183105469,2351226.0
2020-12-14,115.87999725341797,115.62000274658203,114.94000244140625,116.2300033569336,1204176.0
2020-12-15,115.12000274658203,116.66999816894531,115.12000274658203,116.91000366210938,189764.0
2020-12-16,116.91000366210938,117.93000030517578,115.9800033569336,118.04000091552734,707240.0
2020-12-17,118.52999877929688,118.73999786376953,118.23999786376953,119.5999984741211,491705.0
2020-12-18,118.83999633789062,118.58000183105469,118.08999633789062,119.97000122070312,1410064.0
2020-12-21,116.48999786376953,117.26000213623047,115.4800033569336,117.5999984741211,2332164.0
2020-12-22,116.26000213623047,117.0199966430664,116.13999938964844,117.4800033569336,706806.0
2020-12-23,117.33000183105469,118.48999786376953,117.33000183105469,118.88999938964844,1358162.0
2020-12-28,118.61000061035156,119.66999816894531,118.61000061035156,119.79000091552734,1885879.0
2020-12-29,120.0999984741211,120.05999755859375,119.30000305175781,120.44000244140625,800706.0
2020-12-30,120.31999969482422,119.94000244140625,119.76000213623047,120.77999877929688,322062.0
2021-01-04,120.44000244140625,119.26000213623047,118.58999633789062,120.88999938964844,3448033.0
2021-01-05,118.7300033569336,119.68000030517578,117.25,120.37000274658203,2129588.0
2021-01-06,119.70999908447266,119.83000183105469,119.38999938964844,121.54000091552734,2128480.0
2021-01-07,119.77999877929688,123.4000015258789,119.77999877929688,123.4000015258789,2314827.0
2021-01-08,123.43000030517578,125.70999908447266,122.91000366210938,125.95999908447266,3098006.0
2021-01-11,124.91000366210938,124.33000183105469,123.76000213623047,125.38999938964844,1216212.0
2021-01-12,124.23999786376953,124.43000030517578,123.77999877929688,125.20999908447266,1245766.0
2021-01-13,124.73999786376953,123.01000213623047,121.56999969482422,124.73999786376953,809723.0
2021-01-14,122.83000183105469,124.25,122.83000183105469,124.5,299993.0
2021-01-15,122.5,120.83999633789062,120.7699966430664,122.87000274658203,876313.0
2021-01-19,122.63999938964844,120.72000122070312,119.76000213623047,122.6500015258789,652315.0
2021-01-20,121.18000030517578,120.08999633789062,119.20999908447266,121.9800033569336,803847.0
2021-01-21,120.31999969482422,119.55000305175781,118.31999969482422,120.7300033569336,939487.0
2021-01-22,117.44999694824219,117.93000030517578,116.62999725341797,118.44000244140625,2145823.0
2021-01-26,118.37999725341797,117.93000030517578,117.63999938964844,119.75,1297575.0
2021-01-27,116.5199966430664,117.93000030517578,115.4000015258789,118.45999908447266,1532370.0
2021-01-28,116.69000244140625,118.91999816894531,116.13999938964844,119.48999786376953,1449521.0
2021-01-29,118.45999908447266,115.44999694824219,115.43000030517578,119.02999877929688,3011987.0
2021-02-01,117.80000305175781,117.44999694824219,116.26000213623047,117.91999816894531,2271352.0
2021-02-02,119.18000030517578,118.5,118.2300033569336,120.38999938964844,1213007.0
2021-02-03,118.87000274658203,120.06999969482422,118.87000274658203,120.87000274658203,1163262.0
2021-02-04,120.30999755859375,120.05000305175781,119.43000030517578,121.2300033569336,1923953.0
2021-02-05,119.6500015258789,120.80000305175781,119.6500015258789,121.69999694824219,1249380.0
2021-02-08,120.79000091552734,119.94000244140625,119.6500015258789,121.37999725341797,928406.0
2021-02-09,120.23999786376953,120.23999786376953,118.80000305175781,120.52999877929688,420937.0
2021-02-10,120.08999633789062,118.80000305175781,118.47000122070312,120.30000305175781,641769.0
2021-02-11,120.33000183105469,119.58000183105469,119.05000305175781,120.91000366210938,953973.0
